name,weightInGms,discountedSellInr,price_per_gram
"Aashirvaad Iodised Salt ",1000,19.00,0.02
Onion,1000,21.00,0.02
Onion,3000,57.00,0.02
"Shubh kart - Nirmal sugandhi mogra wet dhoop zipper 20 sticks",1160,28.00,0.02
"Tata Salt",1000,24.00,0.02
"Vicks Cough Drops Menthol",1160,20.00,0.02
"Baby Potato",500,16.00,0.03
Beetroot,500,13.00,0.03
Carrot,500,15.00,0.03
Potato,1000,29.00,0.03
Potato,3000,84.00,0.03
"Raw Banana",500,17.00,0.03
"Shubh kart - Tejas Twisted Cotton Wicks 1000n",1000,28.00,0.03
"Aashirvaad Atta",10000,399.00,0.04
Beetroot,250,9.00,0.04
Capsicum,500,21.00,0.04
Carrot,250,11.00,0.04
"Pillsbury Chakki Fresh Atta",10000,375.00,0.04
"Radish White",500,19.00,0.04
"Tata Salt Lite",1000,36.00,0.04
"Tomato Hybrid",1000,35.00,0.04
"Aashirvaad Superior MP Atta",5000,245.00,0.05
"Aashirvaad Superior MP Whole Wheat Atta",1000,52.00,0.05
"Apsara Non Dust Eraser",1160,54.00,0.05
"Colocasia ",500,24.00,0.05
"Ladies Finger ",250,12.00,0.05
"Madhur Pure And Hygienic Sugar",5000,266.00,0.05
"Mother Dairy Toned Milk Pouch",500,25.00,0.05
"Pillsbury Atta With Multigrains Wheat Grains",5000,245.00,0.05
"Pillsbury Atta/Godihittu - Chakki Fresh",2000,94.00,0.05
"Pillsbury Chakki Fresh Atta",1000,52.00,0.05
"Popular Essentials Idli Rice",1000,54.00,0.05
"Popular Essentials Refined Sugar",5000,265.00,0.05
"Ridge Gourd",500,25.00,0.05
"24 Mantra Organic Whole Wheat Atta",1000,59.00,0.06
"Aashirvaad Atta With Mutigrains",5000,287.00,0.06
"Aashirvaad Multigrain Atta",1000,62.00,0.06
"Aashirvaad Select Atta",1000,64.00,0.06
"Aashirvaad Select Sharbati Atta",5000,283.00,0.06
"Amul Taaza Toned Homogenised Milk",1000,64.00,0.06
"Bitter Gourd",250,15.00,0.06
"Brinjal Small",250,15.00,0.06
Broccoli,500,30.00,0.06
Ginger,200,12.00,0.06
"Johnson's Baby Skincare Wipes",1160,74.00,0.06
"Madhur Sugar",1000,56.00,0.06
"Mother Dairy Ultra Full Cream Milk",500,31.00,0.06
"Om Bhakti Cow Dung Cakes ",290,16.00,0.06
"Origami Disposable Spoons",1160,72.00,0.06
"Pillsbury Atta/Godihittu - Chakki Fresh",5000,275.00,0.06
"Pillsbury Multi Grain Atta",1000,56.00,0.06
"Popular Essentials Bajra Whole",1000,56.00,0.06
"Popular Essentials Idli Sooji ",500,28.00,0.06
"Popular Essentials Refined Sugar",1000,60.00,0.06
"Popular Essentials Rice Flour",1000,60.00,0.06
"Popular Essentials Rozana Sona Masuri Raw Rice",5000,312.00,0.06
"Popular Essentials Sona Masouri Steam Rice",1000,59.00,0.06
"Satyam Poha Jada",500,32.00,0.06
Spinach,250,16.00,0.06
"Spring Onion ",250,15.00,0.06
"Sweet Potato ",500,32.00,0.06
"Banana Robusta",348,24.00,0.07
Garlic,200,13.00,0.07
"iD Idli & Dosa Batter ",1000,68.00,0.07
"Mother Dairy Classic Curd",400,29.00,0.07
"Oxi Green Phenyl - Pine ",1000,74.00,0.07
"Popular Essentials Bansi Sooji",500,34.00,0.07
"Popular Essentials Broken Wheat/Daliya",500,34.00,0.07
"Popular Essentials Chiroti Sooji",500,34.00,0.07
"Popular Essentials HMT Kolam Steam",5000,333.00,0.07
"Popular Essentials Horse Gram",500,36.00,0.07
"Rin Detergent Bar",140,10.00,0.07
Sapota,348,25.00,0.07
"Satyam Thin Poha Patla",500,35.00,0.07
"Sponge Gourd",300,21.00,0.07
"Stayfree Secure Cottony Soft Cover Sanitary Pad (Regular) with Wings",406,29.00,0.07
"Stayfree Secure Dry Cover Regular Sanitary Pad With Wings",406,29.00,0.07
"Switz Spring Roll Dough Sheets",1160,86.00,0.07
"Vim Dishwash Bar",300,22.00,0.07
"Whisper Choice Regular Wing Sanitary Pad",406,30.00,0.07
"Whisper Choice Sanitary Pad ",406,29.00,0.07
"Zama Organics Carrot",250,17.00,0.07
"24 Mantra Sona Masuri Brown Rice",5000,423.00,0.08
"Amul Slim Trim Skimmed Milk",1000,75.00,0.08
"Capsicum Green ",250,19.00,0.08
"Daawat Rozana Super Basmati Rice",1000,79.00,0.08
"Lettuce Iceberg",250,21.00,0.08
"Popular Essentials Brown Sugar",500,40.00,0.08
"Popular Essentials Classic Sona Masuri Rice",5000,387.00,0.08
"Popular Essentials HMT Kolam Steam",1000,75.00,0.08
"Popular Essentials Sona Masouri Raw Rice",1000,75.00,0.08
"Rin Detergent Powder",1000,84.00,0.08
"Tata Sampann Poha",500,41.00,0.08
"The Bake Shop Premium White Sandwich Bread",400,30.00,0.08
"Vim Dishwash Bar",600,45.00,0.08
"Whisper Choice Regular Sanitary Pads",1160,90.00,0.08
"24 Mantra Organic Wheat Daliya ",500,47.00,0.09
"Banana Nendran",500,45.00,0.09
"Banana Red",500,45.00,0.09
"Britannia Healthy Slice Sandwich Bread",450,40.00,0.09
"Britannia Pav",250,22.00,0.09
"Britannia Sandwich White Bread",350,33.00,0.09
"Daawat Rozana Gold Basmati Rice",1000,89.00,0.09
"Fortune Rozana Basmati Rice",5000,462.00,0.09
"Garlic Indian ",100,9.00,0.09
"iD Curd Pouch",400,34.00,0.09
"Mint Leaves ",100,9.00,0.09
"Nestle A+ Slim Milk",1000,89.00,0.09
"Popular Essentials Red Poha",500,43.00,0.09
"Pro Nature Organic Sonamasoori Brown Rice",1000,94.00,0.09
"Suguna Nourish Egg",696,62.00,0.09
"Tata Sampann Unpolished Chana Dal",1000,89.00,0.09
"Whisper Daily Liners Clean and Fresh",1160,105.00,0.09
"24 Mantra Organic Brown Sona Masoori Rice",1000,95.00,0.10
"24 Mantra Organic Ragi Flour",500,52.00,0.10
"Amul Lactose Free Milk",250,24.00,0.10
"Bambino Popular Vermicelli ",400,39.00,0.10
"Beans Cluster",250,25.00,0.10
"Britannia 100% Whole Wheat Bread",450,45.00,0.10
"Britannia Milk Bikis Biscuits Packet",200,20.00,0.10
"Chilli Bhaji",250,25.00,0.10
"Mango Raw",500,50.00,0.10
Methi,250,25.00,0.10
"Popular Essentials Black Brown Chana (Un-Polished)",500,50.00,0.10
"Popular Essentials Jowa Flour",500,49.00,0.10
"Stayfree Secure Dry Cover Extra Large Sanitary Pad",406,41.00,0.10
"Stayfree Secure XL Size Sanitary Napkins",1160,115.00,0.10
"Sunfeast Marie Light",200,20.00,0.10
"The Bake Shop Whole Wheat Bread",400,40.00,0.10
Amla,250,27.00,0.11
"Beans French",250,28.00,0.11
"Britannia Brown Bread ",400,42.00,0.11
Coccinia,250,27.00,0.11
"Jivana Jaggery",950,100.00,0.11
"MTR Seviyan Vermicelli ",400,42.00,0.11
"Popular Essentials Chana Dal (Un-Polished)",500,54.00,0.11
"Popular Essentials Pure Jaggery",450,49.00,0.11
"Popular Essentials Sabudana",500,54.00,0.11
"Praakritik Organic Natural Rock Salt",500,56.00,0.11
"Pril Bar Tub",500,55.00,0.11
"Safal Frozen - Mixed Vegetables",1000,105.00,0.11
"Safal Frozen Mixed Vegetables",500,57.00,0.11
"Shubh kart - Shubhkart Sambrani Cup Black 12n",696,75.00,0.11
"Tide Plus Extra Power Lemon & Mint Detergent Powder",2000,211.00,0.11
"Whisper Choice Ultra XL Sanitary Pad",1160,130.00,0.11
"Baby Corn Peeled",250,29.00,0.12
"Britannia Atta Kulcha",250,30.00,0.12
"Britannia Cheese Garlic Bread",300,35.00,0.12
"Britannia Good Day Butter Cookies",600,72.00,0.12
"Britannia Marie Gold Biscuits Packet",250,30.00,0.12
"Britannia Nutri Choice Cracker Sugar Free Biscuit",300,35.00,0.12
"Ching's Secret Green Chilli Sauce",680,81.00,0.12
"Del Monte Original Blend Tomato Ketchup Pouch",950,111.00,0.12
"Fortune Besan Flour",1000,120.00,0.12
"McVitie's Marie biscuits with Goodness of Calcium",250,30.00,0.12
"MTR Roasted Vermicelli ",850,105.00,0.12
"Popular Essentials Black Masoor Whole (Un-Polished)",500,58.00,0.12
"Rin Fabric Whitener Detergent",500,62.00,0.12
"Satyam Puffed Rice Kurmura (R)",200,23.00,0.12
"Sugarlite 50% Less Calories Sugar Pouch",500,59.00,0.12
"Surf Excel Stain Eraser",150,18.00,0.12
"The Bake Shop Bread Crumbs",400,47.00,0.12
"Zama Organics Sweet Potato",250,31.00,0.12
"Zucchini Green",250,29.00,0.12
"24 Mantra Organic Jowar Flour",500,65.00,0.13
"Britannia Marie Gold (Buy 4 Get 1 Free)",600,80.00,0.13
"Britannia Toastea Premium Bake Rusk",700,94.00,0.13
"Britannnia 50-50 Sweet & Salty Biscuit",200,25.00,0.13
"Godrej Protekt",750,99.00,0.13
"Godrej Protekt Germ Fighter Handwash",750,99.00,0.13
"Om Bhakti Gangajal Packed At Gangotri",220,29.00,0.13
"Patanjali Atta Doodh Rusk",300,40.00,0.13
"Popular Essentials Fried Gram (Bengal Gram)",500,63.00,0.13
"Popular Essentials Masoor Dal Split (Un-Polished)",500,63.00,0.13
"Popular Essentials Regular White Lobia",500,63.00,0.13
"Pumpkin Cut",200,25.00,0.13
"Puro Healthy Salt Crystal",1000,125.00,0.13
"Savlon Moisture Shield Germ Protection Handwash Refill (Buy 1 Get 1 Free)",1500,189.00,0.13
"Savlon Moisture Shield Hand Wash",750,95.00,0.13
"Super Saver Kolam Rice Sortex Clean ",5000,630.00,0.13
"Surf Excel Easy Wash Detergent Powder",1000,131.00,0.13
"Tata Sampann High Protien Chana Dal - Split",500,64.00,0.13
"Tata Sampann Kala Chana",500,64.00,0.13
"Tata Sampann Kala Chana",1000,125.00,0.13
"Tata Sampann Masoor Dal Stand",1000,134.00,0.13
"24 Mantra Bura Sugar (Demerara)",500,72.00,0.14
"24 Mantra Organic Jaggery Powder",500,68.00,0.14
"24 Mantra Organic Red Poha",500,69.00,0.14
"Arden Eggs White",696,97.00,0.14
"Baker Street Suji Rusk Large Pack",200,27.00,0.14
"Banana Elaichi ",348,49.00,0.14
"Beans Broad",250,35.00,0.14
"Britannia Bourbon Biscuit Buy 4 Get 1 Free",500,72.00,0.14
"Britannia Marie Gold Biscuit",200,28.00,0.14
"Britannia Milk Bikis Cream Biscuit",500,70.00,0.14
"Britannia Multigrain Bread ",400,55.00,0.14
"Dettol Original Liquid Handwash Refill",750,105.00,0.14
"Dettol SKincare Handwash Value Refill",750,105.00,0.14
"McVitie's Butter Cookies",200,27.00,0.14
"MTR Roasted Vermicelli ",400,55.00,0.14
Parsley,100,14.00,0.14
"Popular Essentials Black Urad Split",500,72.00,0.14
"Popular Essentials Cooking Soda",200,27.00,0.14
"Popular Essentials Pancharatna Dal",500,72.00,0.14
"Popular Essentials Premium Jeera Rice",1000,140.00,0.14
"Popular Essentials Salted Murmure ",400,57.00,0.14
"Popular Essentials Urad Gola Black (Un-Polished)",500,72.00,0.14
"Popular Essentials White Peas (Un-Polished)",500,72.00,0.14
"Praakritik Organic Indrayani Rice",500,70.00,0.14
"Sunfeast Mom's Magic Cashew & Almond Cookies Packet",200,27.00,0.14
"Sunfeast Mom's Magic Rich Butter Cookies",200,27.00,0.14
"Surf Excel Detergent Bar Value Pack",800,114.00,0.14
"Surf Excel Quick Wash",4000,549.00,0.14
"Zucchini Yellow",250,35.00,0.14
"Amul Happy Treats French Fries",425,65.00,0.15
"Britannia Burger Bun with Sesame Seed",100,15.00,0.15
"Britannia Burger Bun with Sesame Seed",200,30.00,0.15
"Britannia Vita Marie Gold Biscuit",300,45.00,0.15
"iD Curd Cup",400,60.00,0.15
"Maggi Hot & Sweet - Tomato Chilli Sauce",1000,153.00,0.15
"Mixed Sprouts",200,29.00,0.15
"Moong Sprouts",200,29.00,0.15
"Popular Essentials Green Moong Whole",500,75.00,0.15
"Popular Essentials Kabuli Chana Regular",500,77.00,0.15
"Popular Essentials Misri Dana (Diamond Sugar) ",100,15.00,0.15
"Popular Essentials Soya Beans ",500,75.00,0.15
"Popular Essentials Toor Dal (Un-Polished)",500,74.00,0.15
"Popular Essentials Toor Dal (Un-Polished)",1000,149.00,0.15
"Popular Essentials Urad Dal Split (Un-Polished)",500,77.00,0.15
"Praakritik Organic Kapli Wheat Atta",1000,147.00,0.15
"Safal Frozen - Sweet Corn",1000,152.00,0.15
"Savlon Herbal Sensitive Liquid Handwash Refill Pouch",750,110.00,0.15
"Sunfeast Nice Biscuit",150,22.00,0.15
"Tomato Cherry ",200,29.00,0.15
"Top Ramen Masala",560,82.00,0.15
"Arden Eggs White",348,55.00,0.16
"Britannia Toastea (Premium Bake Rusk)",400,65.00,0.16
"Britannia Toastea Premium Bake Rusk",300,47.00,0.16
"Chef's Basket Durum Wheat Elbow Pasta",500,80.00,0.16
"Chef's Basket Durum Wheat Fusilli Pasta",500,80.00,0.16
"Chef's Basket Durum Wheat Penne Pasta",500,80.00,0.16
"Chilli Green ",100,16.00,0.16
"Genteel Liquid Detegrent",2000,320.00,0.16
"Maggi 2-Minute Instant Noodles - Masala",280,44.00,0.16
"Nimyle Lemongrass Floor Cleaner",975,156.00,0.16
"Oxi Green Floor Cleaner - Citrus ",1000,161.00,0.16
"Oxi Green Floor Cleaner - Floral",1000,161.00,0.16
"Parle Rusk Elaichi",300,47.00,0.16
"Popular Essentials Green Moong Chilka/Chilka (Un-Polished)",500,79.00,0.16
"Popular Essentials Moth Whole",500,81.00,0.16
"Popular Essentials Red Rajma",500,81.00,0.16
"Popular Essentials Sattu Atta",500,79.00,0.16
"Popular Essentials Urad Gola White(Un-Polished)",500,81.00,0.16
"Satyam Pulses Masur Dal",500,81.00,0.16
"Sunfeast YiPPee! Magic Masala Noodles",405,63.00,0.16
"Surf Excel Matic Top Load",4000,649.00,0.16
"Tata Sampann High Protein Kali Urad",500,78.00,0.16
"Tata Sampann Moong Chilka ",500,82.00,0.16
"The Bake Shop Multi Grain Bread",400,65.00,0.16
"Veeba Truly Tomato Ketchup",500,79.00,0.16
"Amul Delicious Fat Spread - Cholesterol Free",100,17.00,0.17
"Amul Delicious Fat Spread - Cholesterol Free",500,86.00,0.17
Basil,100,17.00,0.17
"Britannia Fruit Bun",100,17.00,0.17
"Britannia Good Day Cashew Cookies",1000,172.00,0.17
"Britannia Nice Time Biscuit",150,25.00,0.17
"Coriander Leaves",100,17.00,0.17
"Daawat Super Basmati Rice",1000,169.00,0.17
"Dlicia Whip Topping Bottle",1000,171.00,0.17
"Domex Disinfectant Floor Cleaner",1000,170.00,0.17
"Godrej No.1 Bathing Soap – Lime & Aloe Vera",500,84.00,0.17
"Harpic Lemon Bathroom Cleaner ",500,86.00,0.17
"Lettuce Red",100,17.00,0.17
"Lotte Choco Pie ",696,120.00,0.17
"Nestle A+ Nourish Dahi",200,34.00,0.17
"Nestle A+ Nourish Dahi",400,68.00,0.17
"Praakritik Organic Jaggery",900,150.00,0.17
"Praakritik Organic Raw Sugar",500,84.00,0.17
"Quaker Oats Pouch",1500,248.00,0.17
"Smith & Jones Masala Noodles",360,61.00,0.17
"Suguna Nourish Egg ",348,60.00,0.17
"Sunfeast Mom's Magic Cashew & Almond Biscuits",600,102.00,0.17
"Sunfeast Yippee! Mood Masala Noodles",260,43.00,0.17
"Sunfeast YiPPee! Noodles - Magic Masala",540,91.00,0.17
"Surf Excel Easy Wash Detergent Liquid",1000,169.00,0.17
"Veeba Hot Sweet Tomato Chilli Sauce",500,83.00,0.17
"24 Mantra Organic Besan",500,88.00,0.18
"24 Mantra Organic Chana Dal",500,89.00,0.18
"24 Mantra Organic Masoor Dal - Split",500,88.00,0.18
"Ariel Complete Detergent Washing Powder 1 kg + 500 g Free",1500,263.00,0.18
"Britannia Good Day Cashew Cookies Packet",600,105.60,0.18
"Ching's Secret Veg Hakka Noodles",600,107.00,0.18
"Colin Glass and Surface Cleaner Liquid Spray Regular",500,89.00,0.18
"Dabur Hommade - Imli Sauce Saunth",100,18.00,0.18
"Fortune Biriyani Special Basmati Rice",1000,175.00,0.18
"Fortune Soyabean Oil",1000,181.00,0.18
"Godrej Ezee Liquid Detergent",1000,175.00,0.18
"Harpic Disinfectant Bathroom Cleaner Liquid Lemon",1000,179.00,0.18
"Harpic Disinfectant Toilet Cleaner Liquid, Original - 1 L",1000,178.00,0.18
"Harpic Germ & Stain Blaster Disinfectant Toilet Cleaner Floral",750,137.00,0.18
"iD Malabar Parota ",400,72.00,0.18
"iD Wheat Lachha Paratha",400,70.00,0.18
"Om Bhakti - Pancha Deepa Oil ",1000,179.00,0.18
"Oxi Green Phenyl Concentrate",1000,180.00,0.18
"Parle Monaco Classic Salty Biscuits",400,70.00,0.18
"Popular Essentials Kashmiri Red Rajma",500,89.00,0.18
"Popular Essentials Pink Rajma",500,90.00,0.18
"Popular Essentials Plain Puffed Rice (Murmura/Muri)",100,18.00,0.18
"Popular Essentials Samba Broken Wheat",500,89.00,0.18
"Quaker Oats",1000,184.00,0.18
"Suguna Active - DHA",348,62.00,0.18
"Suguna Heart- Omega3",348,62.00,0.18
"Suguna Sharp Egg ",348,62.00,0.18
"Suguna Vitamin D Egg",348,62.00,0.18
"Tata Sampann High Protien Toor Dal - Split",500,89.00,0.18
"Tata Sampann kabuli chana",1000,183.00,0.18
"Tata Sampann Moong Dal Split",1000,178.00,0.18
"Tata Sampann Unpolished Moong Dal ",500,88.00,0.18
"Tata Sampann Unpolished Toor Dal/Arhar Dal",1000,177.00,0.18
"Tata Sampann Urad Dal Split",500,90.00,0.18
"Whisper Ultra Clean XL Plus Sanitary Pad",870,155.00,0.18
"24 Mantra Organic Roasted Bengal Gram Dal",500,97.00,0.19
"24 Mantra Organic Sattu Atta",500,95.00,0.19
"Amul Fresh Cream",1000,191.00,0.19
"Britannia Good Day Cashew Cookies Packet",200,38.00,0.19
"Britannia Toastea Premium Bake Rusk",182,35.00,0.19
"Ching's Secret Just Soak - Veg Hakka Noodles",600,115.00,0.19
"Dhara Life Refined Ricebran Oil (Pouch)",1000,190.00,0.19
"Fortune Sunlite Refined Sunflower (Jar)",5000,925.00,0.19
Guava,232,45.00,0.19
"Lettuce Green",100,19.00,0.19
"Lizol Disinfectant Surface & Floor Cleaner Liquid Citrus",975,188.00,0.19
"Lizol Disinfectant Surface & Floor Cleaner Liquid Floral",500,97.00,0.19
"Lizol Disinfectant Surface & Floor Cleaner Liquid Floral",975,188.00,0.19
"Lizol Disinfectant Surface & Floor Cleaner Liquid Jasmine",500,97.00,0.19
"Lizol Disinfectant Surface & Floor Cleaner Liquid Pine",975,188.00,0.19
"Mother's Recipe Ginger And Garlic Paste",200,38.00,0.19
"Nestle A+ Actiplus Probiotic Dahi Plain Curd",400,75.00,0.19
"Nestle A+ Slim Dahi - Low Fat",400,75.00,0.19
"Oleev Smart Oil Fortified with VIT A, D, E & K (Pouch)",1000,194.00,0.19
"Oxi Green Max Force Green Concentrate",500,96.00,0.19
"Pedigree Puppy Dry Dog Food Food Chicken & Milk",1200,232.00,0.19
"Smith & Jones Masala Noodles",480,89.00,0.19
"Sunfeast Dark Fantasy Bourbon Bliss",150,29.00,0.19
"Sunfeast Dark Fantasy Choco Creme",300,58.00,0.19
"Sunfeast Yippee! Magic Masala Noodles",240,45.00,0.19
"Surf Excel Matic Powder Front Load ",4000,750.00,0.19
"Surf Excel Matic Top Load Detergent Powder",1000,188.00,0.19
"Tata Sampann High Protien Kabuli Chana",500,94.00,0.19
"Tata Sampann Unpolished Urad Whole",500,94.00,0.19
"Top Ramen Chicken Noodles",280,54.00,0.19
"Veet Full Body Waxing Kit",1160,218.00,0.19
"Veet Full Body Waxing Kit For Dry Skin",1160,218.00,0.19
"24 Mantra Organic Puffed Rice",200,39.00,0.20
"Biryani /Pulav Mix",250,49.00,0.20
"Britannia Good Day Cashew Cookies",100,20.00,0.20
"Britannia Good Day Pista Badam",100,20.00,0.20
"Britannia Treat Jimjam Family Pack (Buy 4 Get 1 Free)",500,100.00,0.20
"Chakaachak Super Scrub Pad (Pack of 3)",174,34.00,0.20
"Ching's Secret Just Soak - Veg Hakka Noodles",150,30.00,0.20
"Dabur Amla Juice",1000,199.00,0.20
"Dhara Groundnut Oil (Pouch)",1000,203.00,0.20
"Dhara Health Refined Sun Flower Oil Jar",5000,984.00,0.20
"Dhara Nourish Refined Sunflower Oil Pouch",1000,199.00,0.20
"Epigamia Almond Milk Unsweetened Dairy Free",1000,199.00,0.20
"Fortune Kachi Ghani Mustard Oil Bottle",1000,199.00,0.20
"Fortune Rice Bran (Pouch)",1000,199.00,0.20
"Fortune Soyabean Oil",5000,999.00,0.20
"Maggi Rich Tomato Ketchup",500,100.00,0.20
"Oxi Green Dish Wash Liquid - Lemon",500,98.00,0.20
"Papaya Cut",200,39.00,0.20
"Parle Fab Bourbon",150,30.00,0.20
"Pedigree Dog Food Adult Chicken & Veg",3000,594.00,0.20
"Pedigree Dog Food Adult Meat & Rice",3000,608.00,0.20
"Popular Essentials Mustard Seeds Rai Big",100,20.00,0.20
"Popular Essentials Mustard Seeds Rai Small",100,20.00,0.20
"Quaker Oats",400,79.00,0.20
"Safal Frozen Corn",200,39.00,0.20
"Stayfree Dry-Max All Night Ultra-Dry Sanitary Pad",406,81.00,0.20
"Suguna Fit Egg",348,68.00,0.20
"Surf Excel Quick Wash",1000,195.00,0.20
"The Bake Shop Burger Buns",100,20.00,0.20
"The Bake Shop Foot Long",200,40.00,0.20
"The Bake Shop Pizza Base",150,30.00,0.20
"The Bake Shop Pizza Base Whole Wheat",150,30.00,0.20
"The Bake Shop Whole Wheat Ladi Pav",200,40.00,0.20
"Whisper Ultra Clean XL Plus Sanitary Pad",870,175.00,0.20
"24 Mantra Organic Tur Dal",1000,208.00,0.21
"Amul Milk Compound Chocolate Slab",500,107.00,0.21
"Britannia Milk Bikis Milky Sandwich",120,25.00,0.21
"Ching's Secret Just Soak - Whole Wheat Veg Hakka Noodle",150,32.00,0.21
"Ching's Secret Just Soak - Whole Wheat Veg Hakka Noodles",600,123.00,0.21
"Dhara Filtered Groundnut Oil (Jar)",5000,1035.00,0.21
"Dhara Filtered Groundnut Oil (Jar)",5000,1050.00,0.21
"Fortune Rice Bran Health Oil (Jar)",5000,1039.00,0.21
"Fortune Soya Health Refined Soybean Oil",1000,206.00,0.21
"Godrej No.1 Bathing Soap, Jasmine",400,84.00,0.21
"India Gate Basmati Rice",1000,210.00,0.21
"Kapiva Wild Amla Juice",1000,212.00,0.21
"Praakritik Organic Jowar Atta",500,103.00,0.21
"Saffola Active Oil",1000,210.00,0.21
"Whisper Bindazzz Night Sanitary Pads XL Plus",870,185.00,0.21
"Yummiez American Sweet Corn",400,85.00,0.21
"Ariel Matic Front Load Liquid Detergent",1000,220.00,0.22
"Britannia Good Day Pista Badam",200,44.00,0.22
"Fortune Sunlite Refined Sunflower (Pouch)",1000,219.00,0.22
"McCain French Fries Crisp & Delicious",750,167.00,0.22
"Mother's Recipe Pickle - Mango",500,109.00,0.22
"Mother's Recipe Pickle - Mixed",500,109.00,0.22
"Pedigree Puppy Dry Dog Food Food Chicken & Milk",3000,648.00,0.22
"Popular Essentials Double Beans White",250,54.00,0.22
"Popular Essentials Green Peas (Un-Polished)",500,108.00,0.22
"Praakritik Organic Chilka Moong Dal",500,108.00,0.22
"Praakritik Organic Poha",500,112.00,0.22
"RRO Primio Refined Groundnut (Jar)",2000,436.00,0.22
"Saffola Gold Oil (Pouch)",1000,215.00,0.22
"Saffola Gold Refined Cooking Oil (Jar)",2000,449.00,0.22
"Satyam Puffed Rice Kurmura (A)",200,43.00,0.22
"Satyam Singdana ",500,111.00,0.22
"Stayfree Advanced XL Ultra Comfort Sanitary napkins with Wings",812,175.00,0.22
"Sundrop Super Lite Advanced - Sunflower Oil",1000,215.00,0.22
"Surf Excel Matic Front Load Detergent Liquid",1000,221.00,0.22
"Sweet Lime",116,25.00,0.22
"Whisper Bindazzz Nights XL + Sanitary Pad",406,90.00,0.22
"Arden Eggs Brown",348,79.00,0.23
"Ariel Matic Front Load Detergent Washing Powder",3000,680.00,0.23
"Ariel Matic Liquid Detergent Front Load",1000,225.00,0.23
"Ariel Matic Top Load Detergent Washing Powder",1000,225.00,0.23
"Britannia 50-50 Maska Chaska Biscuit",300,67.50,0.23
"Britannia Bourbon Chocolate Cream Biscuits",150,34.00,0.23
"Britannia Milk Bikis Cream Biscuit",200,45.00,0.23
"Britannia Nutri Choice Digestive Biscuit",200,45.00,0.23
"Britannia Nutri Choice Oats Choco Almond Biscuit",100,22.50,0.23
"Colin Glass and Surface Cleaner Liquid Spray Regular",250,58.00,0.23
"Dabur Ginger Garlic Paste",100,23.00,0.23
"Dabur Hommade Tamarind Paste",200,45.00,0.23
"Dabur Keora water - Authentic flavour for Biryani's and Desserts",250,58.00,0.23
"Dhara Kachi Ghani Mustard Oil Jar",5000,1143.00,0.23
"Durex Extra Thin Bubblegum Condom",580,135.00,0.23
"Gala Scrubber Pad",290,68.00,0.23
"ITC Master Chef Classic Aloo Tikki",320,72.00,0.23
"Maggi Hot & Sweet Tomato Chilli Sauce",500,115.00,0.23
"Mother's Recipe Paste Ginger & Garlic",300,68.00,0.23
"Parle Fab! Jam-In Cream Filled ",150,34.00,0.23
"Popular Essentials Buckwheat Flour (Kuttu Atta)",500,113.00,0.23
"Popular Essentials Dhania (Coriander Seeds)",200,46.00,0.23
"Praakritik Organic Masoor Dal",500,116.00,0.23
"Pril Perfect Lime Dishwash Liquid",750,175.00,0.23
"Quaker Oats Breakfast Cereals - With Flavour Mix Nutritious Rich Source Of Energy",200,45.00,0.23
"Scotch Brite Scrub Pad",290,68.00,0.23
"Scotch Brite Silver Sparks Scrub Pad",348,81.00,0.23
"Sunfeast Dark Fantasy Bourbon Bliss",150,35.00,0.23
"Sunfeast Dark Fantasy Vanilla Creme",300,68.00,0.23
"Veeba English Mustard",300,69.00,0.23
"Veeba Pasta And Pizza Sauce",280,65.00,0.23
"Vim Dishwash Liquid Gel Lemon",750,175.00,0.23
"24 Mantra Organic Pancharatna Dal - Split",500,120.00,0.24
"24 Mantra Organic Tur Dal - Split",500,120.00,0.24
"24 Mantra Organic Urad White Whole",500,122.00,0.24
"Amul Dark Compound Chocolate Slab",500,122.00,0.24
"Cadbury Oreo Creme Biscuit - Vanilla, Original 120 g",120,29.00,0.24
"Cadbury Oreo Strawberry Bicuits",120,29.00,0.24
"Ching's Secret Hot Garlic Instant Noodles",480,114.00,0.24
"Ching's Secret Manchurian Instant Noodle",480,114.00,0.24
"Ching's Secret Red Chilli Sauce",440,105.00,0.24
"Ching's Secret Schezwan Instant Noodle",480,114.00,0.24
"Dabur Ginger Garlic Paste",200,47.00,0.24
"Dabur Hommade - Garlic Paste",200,47.00,0.24
"Dabur Hommade - Ginger Paste",200,47.00,0.24
"Oleev Active Oil (Pouch)",1000,239.00,0.24
"Parle Fab!o Vanilla Creme Sandwich Biscuit",120,29.00,0.24
"RRO Primio Refined Groundnut Oil Pet Bottle",1000,239.00,0.24
"Sunfeast Farmlite 5 Seed Digestive",250,60.00,0.24
"Weikfield Falooda Mix - Kesar Pista",200,48.00,0.24
"Weikfield Falooda Mix - Mango",200,48.00,0.24
"24 Mantra Organic Moong Dal",500,125.00,0.25
"24 Mantra Organic Peanuts",500,125.00,0.25
"Amul Fresh Cream",250,63.00,0.25
"Ariel Matic Liquid Detergent Front Load",1000,250.00,0.25
"Ariel Matic Top Load Detergent Washing Powder",2000,499.00,0.25
"Britannia Good Day Nut Cookies",120,30.00,0.25
"Britannia Goodday Chocochip Cookies",400,99.00,0.25
"Britannia Nutri Choice Digestive Biscuits Packet",100,25.00,0.25
"Britannia Treat Burst Choco Creme Fills",120,30.00,0.25
"Britannia Treat Jimjam Cream Biscuits ",100,25.00,0.25
"Ching's Schezwan Masala Instant Noodles",240,60.00,0.25
"Ching's Secret Green Chilli Sauce",425,105.00,0.25
"Ching's Secret Instant Noodles, Hot Garlic",240,60.00,0.25
"Ching's Secret Manchurian Noodles",360,91.00,0.25
"Ching's Singapore Curry Instant Noodles",240,60.00,0.25
"Chings Secret Manchurian Instant Noodle",240,60.00,0.25
"Comfort After Wash Fabric Conditioner Lily Fresh ",860,212.00,0.25
"Del Monte Eggless Mayo",500,126.00,0.25
"Del Monte Pizza & Pasta Sauce Spout Pack",400,99.00,0.25
"Eveready 1012 Carbon Zinc AAA Battery",580,143.00,0.25
"Eveready AA pack of 10 ",580,143.00,0.25
"Godrej No.1 Bathing Soap – Lime & Aloe Vera",600,149.00,0.25
"Kapiva Thar Aloe Vera Juice",1000,254.00,0.25
"Mother's Recipe Bhel Puri Chutney",200,50.00,0.25
"Mother's Recipe Gujrati Gorkeri Pickle",500,126.00,0.25
"Mother's Recipe Tamarind Paste",200,49.00,0.25
"Mothers Recipe Tamrind Date Chutney ",200,50.00,0.25
"Popular Essentials Methi Seeds",100,25.00,0.25
"Popular Essentials Mustard Seeds Rai Yellow",100,25.00,0.25
"Saffola Gold (Jar)",5000,1240.00,0.25
"Saffola Soya Chunks Mealmaker",200,50.00,0.25
"Sunfeast Farmlite Nuts Digestive",250,62.00,0.25
"Surf Excel Matic Front Load Detergent Powder",2000,507.00,0.25
"Tata Sampann Unpolished Rajma (Chitra)",500,125.00,0.25
"Veeba Favourites Eggless Burger Mayonnaise",250,63.00,0.25
"Veeba Pizza Topping",280,70.00,0.25
"Yummiez Green Peas",1000,250.00,0.25
"Aashirvaad Breakfast Instant Mix - Rice Idli",200,52.00,0.26
"Aashirvaad Instant Mix - Rice Dosa",200,52.00,0.26
"Ariel Matic Front Load Detergent Powder",1000,260.00,0.26
"Britannia 50-50 Maska Chaska Biscuits",120,31.00,0.26
"D'lecta Dairy Cream",200,51.00,0.26
"Dabur Hommade - Ginger Garlic Past Tub",400,104.00,0.26
"Maggi Special Masala Spicy Yummy Noodles",280,72.00,0.26
"McCain Aloo Tikki",400,105.00,0.26
"Mother's Recipe Mixed Pickle",300,77.00,0.26
"Popular Essentials Tamarind",500,128.00,0.26
"Prasuma Vegetable Momos",580,150.00,0.26
"Pril Power Of Active Boosters",400,102.00,0.26
"Sweet Corn",116,30.00,0.26
"Switz Paratha Puff",400,105.00,0.26
"Top Ramen Masala Oat Masala",280,72.00,0.26
"Weikfield Vanilla Custard Powder",500,128.00,0.26
"24 Mantra Organic Green Moong Dal - Split",500,135.00,0.27
"Amul Mithai Mate Condensed Sweetened Milk",200,54.00,0.27
"Amul Mithai Mate EOE Tin",400,109.00,0.27
"Arden Desi Eggs",348,95.00,0.27
"Ariel Complete Detergent Washing Powder 500 g  + 200 g Free",500,135.00,0.27
"Cadbury Oreo Chocolatey Sandwich Biscuits Family Pack",300,80.00,0.27
"Dukes Sour & Cream Onion Nibbles Baked",150,41.00,0.27
"Godrej Real Good Chicken Lollypop",580,158.00,0.27
"Godrej Real Good Chicken Whole Pre-Cut",1000,270.00,0.27
"Kitchen Of India Ready-To-Eat Pindi Channa",285,77.00,0.27
"Kitchens of India Dal Bukhara Gravy Mix",285,77.00,0.27
"Kitchens of India Dal Makhani",285,77.00,0.27
"Kitchens Of India Rajma Masala",285,77.00,0.27
"Kitchens Of India Yellow Dal Tadka",285,77.00,0.27
"McCain French Fries",420,114.00,0.27
"McCain Smiles Cripsy Happy Potatoes",415,114.00,0.27
"Mother's Recipe Punjabi Teekha Mang Pickle",400,108.00,0.27
"Parle Monaco Jeffs Zeera Biscuit",200,54.00,0.27
"Parle Monaco Sixer Salted Biscuits ",200,54.00,0.27
"Praakritik Organic Yellow Moon Dal",500,135.00,0.27
"Yummiez Green Peas",500,135.00,0.27
"Ching's Red Chilli Sauce",200,55.00,0.28
"Fresh Chicken Curry Cut - Skinless (Halal)",500,140.00,0.28
"Gillette Presto Ready Shaver 5 Cartridges ",290,82.00,0.28
"Gits Pav Bhaji Ready to Eat",300,85.00,0.28
"Lijjat Udad Mini Papad",200,56.00,0.28
"McCain Chilli Garlic Potato Bites Crunchy Potato Nuggets",420,118.00,0.28
"McCain Super Wedges",400,111.00,0.28
"McCain Veggie Fingers",400,111.00,0.28
"Mother's Recipe Mixed Pickle ",400,110.00,0.28
"Mother's Recipe Pickle - Mango",400,113.00,0.28
"MTR Upma",160,45.00,0.28
"Praakritik Organic Tuvar Dal",500,140.00,0.28
"Sumeru Aloo Paratha",400,113.00,0.28
"The Bake Shop Milk & Raisin Toast (Rusk)",200,56.00,0.28
"The Bake Shop Whole Wheat Multigrain Toast (Rusk)",200,56.00,0.28
"The Bake Shop Whole Wheat Toast (Rusk) ",200,56.00,0.28
"Veeba Eggless Mayonnaise",250,70.00,0.28
"24 Mantra Organic Rajma",500,145.00,0.29
"Bio Nutrients Pure Diet Tofu Gold ",200,57.00,0.29
"Britannia Good Day Choco Chip Cookies",100,29.00,0.29
"Britannia Pure Magic Vanilla Creme Biscuit",100,29.00,0.29
"Ching's Secret Chilli Vinegar",170,50.00,0.29
"Ching's Secret Sauce, Green Chilli",190,55.00,0.29
"Del Monte Green Chili Sauce",190,55.00,0.29
"Del Monte Natural Vinegar ",180,53.00,0.29
"Del Monte Red Chili Sauce",190,55.00,0.29
"Del Monte Schezwan Sauce",190,55.00,0.29
"Gits Rice Dosa Instant Breakfast Mix",200,57.00,0.29
"Godrej Cinthol Lime Refreshing Deo Soap",400,116.00,0.29
"Kitchens of India Mutter Paneer Mix",285,84.00,0.29
"Lifebuoy Germ Protection Care Soap Bar",100,29.00,0.29
"Lijjat Garlic Papad",200,57.00,0.29
"Lijjat Moong Papad",200,57.00,0.29
"Lijjat Urad Papad",200,57.00,0.29
"McCain Crazy Fries Masala MixHot 'n' Tangy",400,114.00,0.29
"McCain Herb & Garlic Crazy Fries Masala Mix ",400,114.00,0.29
"Mother's Recipe Lime Pickle ",400,114.00,0.29
"Parle Hide & Seek Cookies With Added Almonds",100,29.00,0.29
"RRO Til Dil Premium Til Oil Bottle",1000,294.00,0.29
"Santoor Almond Soft With Sandal & Almond Milk",625,180.00,0.29
"Sunfeast Yippee! Power Up Atta Noodles",280,81.00,0.29
"TGFC Tilapia Curry Cut",500,147.00,0.29
"Top Ramen Noodles, Atta",280,80.00,0.29
"Veeba Cheese and Chilli Sandwich Spread",275,79.00,0.29
"Weikfield Baking Soda",100,29.00,0.29
"Bauli Moonfills Pack of 4",180,54.00,0.30
"Borges Durum Wheat Pasta Superior Quality",500,149.00,0.30
"Britannia Tiger Krunch Biscuits",400,120.00,0.30
"Dabur Gulabari Rose Water Daily Glow",250,75.00,0.30
"Dukes Waffy Chocolate Wafer Rolls ",250,75.00,0.30
"Dukes Waffy Strawberry Roll",250,75.00,0.30
"Everest Turmeric Powder",200,60.00,0.30
"Kissan Pineapple Jam",500,149.00,0.30
"McCain Masala - Fries",375,114.00,0.30
"McCain Smiles - Pudina Chatka",375,114.00,0.30
"Mother's Recipe Mango Pickle ",400,120.00,0.30
"Orange Nagpur",232,69.00,0.30
"Santoor Total Skin Care Soap With Sandal & Turmeric",600,180.00,0.30
"Unibic Assorted Cookies ",450,137.00,0.30
"Veeba Carrot & Cucumber Sandwich Spread",250,76.00,0.30
"24 Mantra Mustard Oil (Cold Pressed) ",1000,312.00,0.31
"Dabur Hommade - Kalonji Tamatar Ki Chutney",200,61.00,0.31
"Dabur Hommade - Rajasthan Ki Garlic Chutne",200,61.00,0.31
"Everest Coriander Powder",100,31.00,0.31
"Fresh Chicken Whole Leg - Skinless (Halal)",500,157.00,0.31
"Godrej Real Good Chicken Marinated Lollipop ",580,180.00,0.31
"Kissan Mixed Fruit Jam ",500,155.00,0.31
"Lizol Double Concentrate Disinfectant Floor Cleaner Citrus",1900,598.00,0.31
"Mccain Emotibites - Crispy Happy Potato Snack",415,129.00,0.31
"McCain Veggie Burger Patty",360,111.00,0.31
"MTR Uttapam Mix",500,156.00,0.31
"The Bake Shop Maska Khari",200,61.00,0.31
"The Bake Shop Methi Khari Simply Delicious",200,61.00,0.31
"The Bake Shop Whole Wheat Oats Khari",200,61.00,0.31
"Unibic Oatmeal Digestive Cookies ",150,47.00,0.31
"Veeba Salsa Dip",360,111.00,0.31
"Britannia Pure Magic Choco Lush Cookies",300,96.00,0.32
"Dr Oetker Cucumber & Carrot Sandwich Spread Veg",250,79.00,0.32
"Eastern Tamarind",200,63.00,0.32
"Everest Coriander Powder",200,63.00,0.32
"Godrej Real Good Chicken Curry Cut",500,158.00,0.32
"Kitchens Of India Palak Paneer",285,91.00,0.32
Lemon,200,63.00,0.32
"Lizol Double Concentrate Disinfectant Floor Cleaner Lavender",900,292.00,0.32
"Mother's Recipe Pickle - Red Stuffed Chilli",400,129.00,0.32
"Nestle Milkmaid",400,128.00,0.32
"Praakritik Organic Besan",500,159.00,0.32
"RRO Til Dil Premium Til Oil Bottle",500,162.00,0.32
"TilSona Til Oil",500,162.00,0.32
"Weikfield Baking Powder",100,32.00,0.32
"Whiskas Adult (+1 Year) Dry Cat Food, Ocean Fish Flavour",1200,387.00,0.32
"Whiskas Kitten (2-12 months) Dry Cat Food Food Ocean Fish",1100,347.00,0.32
"Zorabian Chicken Breast Boneless ",450,145.00,0.32
"Dukes Nibbles - Ranch Crackers",150,50.00,0.33
"Hershey's Chocolate Flavour Syrup",623,205.00,0.33
"Kellogg's Original Corn Flakes",875,290.00,0.33
"Kelloggs Chocos - Moons & Stars",1200,396.00,0.33
"Orion Choco Pie - Chocolate Coated Soft Biscuit",336,112.00,0.33
"The Bake Shop Jeera Khari",200,65.00,0.33
"Zorabian Pre Cut Chicken Skinless (Half)",500,165.00,0.33
"24 Mantra Turmeric Powder",100,34.00,0.34
"Britannia Pure Magic - Chocolush",100,34.00,0.34
"Colgate Zig Zag Toothbrush",348,120.00,0.34
"Gits Khaman Dhokla Instant Snack Mix",180,61.00,0.34
"Godrej Real Good Chicken Liver Sealed ",200,68.00,0.34
"Kapiva Wild Tulsi Giloy Juice |",1000,340.00,0.34
"Kelloggs Corn Flakes",250,86.00,0.34
"Lizol Double Concentrate Disinfectant Floor Cleaner Citrus",900,308.00,0.34
"Patanjali Kesh Kanti Natural Hair Cleanser",200,68.00,0.34
"Praakritik Organic Basmati Rice",500,170.00,0.34
"Praakritik Organic Jumbo Rolled Oats",500,169.00,0.34
"Saffola Everyday Peppy Tomato Masala Oats",500,171.00,0.34
"Saffola Veggie Twist Masala Oats",500,171.00,0.34
"Whiskas Adult Pocket Tuna Cat Food",1200,410.00,0.34
"24 Mantra Sunflower Oil (Cold Pressed) Pet Bottle",1000,347.00,0.35
"Britannia Good Day Chunky Cookies",120,42.50,0.35
"Chakaachak Power Scrub (Pack of 2)",116,41.00,0.35
"Dabur Chyawanprash Immunity Booster",500,177.00,0.35
"Dabur Hajmola Imli Digestive Tablets",120,42.00,0.35
"Dabur Hajmola Pudina - Digestive Tablets",120,42.00,0.35
"Dabur Regular Hajmola",120,42.00,0.35
"Durex Extra Dots Condoms",580,205.00,0.35
"Durex Extra Thin Condoms",580,205.00,0.35
"Durex Extra Time Condoms",580,205.00,0.35
"Eastern Super Garam Masala",200,69.00,0.35
"Fiama Fresh Hand Wash",400,140.00,0.35
"Hajmola Anardana Digestive Tablets",120,42.00,0.35
"Kiwi Dranex Drain Cleaner",348,122.00,0.35
"Masala Oats Masala & Coriander ",500,176.00,0.35
"MTR Instant Gulab Jamun Mix",500,176.00,0.35
"Robin Dazzling Liquid Blue After Wash",200,70.00,0.35
"Savlon Moisture Shield Hand Wash",200,69.00,0.35
"So Good Almond Milk - Natural Unsweetened",200,70.00,0.35
"Tata Tea Gold",100,35.00,0.35
"Veeba Sweet Onion Sauce",350,121.00,0.35
"Amul Cheese Sauce Mexican Salsa",200,72.00,0.36
"Dabur Chyawanprash",950,338.00,0.36
"Kellogg's Chocos Combo Pack",156,56.00,0.36
"Mothers Recipe Papad Chana Masala",200,71.00,0.36
"Palmolive Black Orchid And Milk Liquid Hand Wash",250,89.00,0.36
"Palmolive Naturals Sea Minerals Liquid Hand Wash",250,89.00,0.36
"Pantai Coconut Cream",400,143.00,0.36
"Pillsbury Vanilla Custard Powder",100,36.00,0.36
"Revive Revive Liquid",200,71.00,0.36
"Sunfeast Farmlite Oats & Almonds Biscuits Packet",150,54.00,0.36
"TGFC Rohu Bengali Cut",500,179.00,0.36
"24 Mantra Groundnut Oil (Cold Pressed) Pet Bottle",1000,369.00,0.37
"Amul Frozen Malai Paneer",200,73.00,0.37
"Amul Malai Paneer Fresh ",200,73.00,0.37
"Amulya Dairy Whitener ",1000,372.00,0.37
"Gits Veg Biryani Ready to Eat",265,99.00,0.37
"Hershey's Caramel Syrup",623,230.00,0.37
"Kellogg's Original Corn Flakes",475,175.00,0.37
"Kellogg’s Chocos Protein And Fibre Of 1 Roti",1200,444.00,0.37
"MTR Dal Fry",300,110.00,0.37
"MTR Dal Makhani",300,110.00,0.37
"MTR Ready to Eat Pav Bhaji",300,110.00,0.37
"Parachute Oil ",100,37.00,0.37
"Shubh kart - Nirmal 5 in 1 Agarbatti Zipper - 150g",150,56.00,0.37
"TGFC Chicken Curry Cut Fresh",500,186.00,0.37
"Weikfield Vanilla Flavoured Custard Powder",100,37.00,0.37
"24 Mantra Super Grain Quinoa",500,190.00,0.38
"Amul Cheese Sauce Jalapeno",200,75.00,0.38
"Britannia Nutrichoice 5 Grain Digestive Biscuits",200,75.00,0.38
"Chakaachak Sponge Scrubber (Pack of 2)",116,44.00,0.38
"Durex Air Ultra Thin Condom",580,220.00,0.38
"Durex Extra Ribbed Condoms",580,220.00,0.38
"Fiama Menthol & Magnolia Cooling Gel Bar Soap",375,141.00,0.38
"Kellogg's Chocos",700,269.00,0.38
"Kellogg's Corn Flakes",1000,383.00,0.38
"McVitie's Oat Cookies",120,45.00,0.38
"Pantai Coconut Milk",400,150.00,0.38
"Patanjali Pure Honey",250,95.00,0.38
"Pineapple Slice",200,75.00,0.38
"Popular Essentials Jeera/Cumin Seeds",100,38.00,0.38
"Popular Essentials White Til",100,38.00,0.38
"Wingreens Cheesy Chipotle Sauce",130,50.00,0.38
"Woodward's Gripe Water",200,75.00,0.38
"Woodwards Gripe Water ",130,50.00,0.38
"Amul Lite Spread",100,39.00,0.39
"Amul Spray Infant Milk Food",500,193.00,0.39
"Dabur 100% Pure Honey - Worlds No.1",1000,387.00,0.39
"Dabur Gulabari Premium Rose Water",120,47.00,0.39
"Funfoods Peanut Butter Crunchy",400,156.00,0.39
"Hamam Soap Bar Neem Tulsi and Aloe Vera",150,58.00,0.39
"Kellogg's Special K Original Corn Flakes",900,355.00,0.39
"Kitchens Of India Mughlai Paneer",285,112.00,0.39
"Lotte Choco Pie ",336,131.00,0.39
Orange,116,45.00,0.39
"Parachute Jasmine Hair Oil",190,74.00,0.39
"Popular Essentials Guntur Chilli Stemless",100,39.00,0.39
"Popular Essentials Nylon Til",100,39.00,0.39
"Bagrrys Corn Flakes",880,350.00,0.40
"Borges Canola Oil Pet Bottle",1000,399.00,0.40
"Cadbury Chocobakes Choc Filled Cookies",150,60.00,0.40
"Dabur - Chyawanprash",250,99.00,0.40
"Dettol Intense Cool Soap (B4G1)",625,247.00,0.40
"Dettol Original Soap (B4G1)",625,247.00,0.40
"Dettol Skincare Liquid Hand Wash",200,79.00,0.40
"Figaro Pitted Black Olive ",450,179.00,0.40
"Figaro Plain Green Olive ",450,179.00,0.40
"Figaro Sliced Black Olive ",450,179.00,0.40
"Mr Muscle Dranex Drain Cleaner Kiwi",375,149.00,0.40
"MTR Ready To Eat Palak Paneer ",300,120.00,0.40
"MTR Vada Breakfast",500,200.00,0.40
"Nupur Heena Mehandi",500,199.00,0.40
"Prabhat Malai Paneer Pouch",200,80.00,0.40
"Amul Cheese - Pepper",200,82.00,0.41
"Amul Cheese Spread Spicy Garlic",200,82.00,0.41
"Dabur Honey ",500,204.00,0.41
"Fresh Chicken Boneless Cubes (Halal)",500,204.00,0.41
"Fresh Chicken Mince - Kheema (Halal)",500,204.00,0.41
"Gowardhan Classic Block Fresh Paneer",200,81.00,0.41
"Kelloggs Corn Flakes With Real Strawberry Pure",575,236.00,0.41
"MTR Ready To Eat Paneer Butter Masala",300,122.00,0.41
"Origami Paper Party Plates",580,240.00,0.41
"Parachute 100% Pure Coconut Oil",300,123.00,0.41
"Parle Hide & Seek Choco Rolls",120,49.00,0.41
"TGFC Catla Bengali Cut",500,204.00,0.41
"Betty Crocker Complete Pancake Mix Original",250,105.00,0.42
"Britannia Nutri Choice Ragi Cookies",150,63.00,0.42
"Cadbury Oreo Dipped Biscuit",150,63.00,0.42
"Dettol Original Germ Protection Bathing Soap Bar",375,157.00,0.42
"Everest Tikhalal Chilli Powder",500,212.00,0.42
"Fiama Di Wills Lemongrass & Jojoba Gel Bar",375,158.00,0.42
"Fiama Gel Bar Celebration Pack Buy 4 Get 1 Free",625,261.00,0.42
"Fiama Peach & Avocado Gel Bar",375,158.00,0.42
"Funfoods Peanut Butter Creamy",400,169.00,0.42
"Kellogg's Real Honey Corn Flakes",630,267.00,0.42
"Kelloggs Chocos",385,160.00,0.42
"Mortein Cockroach Killer Spray, Crawling insect killer with Deep-Reach Nozzle",425,179.00,0.42
"Mortein Dual All Insect Killer Spray",600,252.00,0.42
"MTR Paneer Butter Masala & Veg Pulao",375,158.00,0.42
"MTR Vermicelli Payasam",180,75.00,0.42
"Oral-B Extra Soft Bristles Sensitive ",232,98.00,0.42
"Sunfeast Dark Fantasy Choco Fills Cookies Packet",300,127.00,0.42
"Sunfeast Yumfills Whoopie Pie",253,105.00,0.42
"Veeba Barbeque Sauce",330,137.00,0.42
"Amul Cheese Spread Yummy Plain",200,85.00,0.43
"Colgate Zig Zag Charcoal Medium Toothbrush 4 Pcs",232,99.00,0.43
"Colgate Zigzag Charcoal Soft Bristle Toothbrush - 4 Pcs",232,99.00,0.43
"Dabur Chyawanprakash - Sugar Free",900,385.00,0.43
"Dettol Original Liquid Handwash",200,85.00,0.43
"Gits Medu Vada Instant Snack Mix",200,86.00,0.43
"Kelloggs Chocos Moon & Stars",680,294.00,0.43
"Lotte Choco Pie ",168,72.00,0.43
"Oral-B Charcoal Deep Clean Stain Removal Toothbrush Medium",232,99.00,0.43
"Oral-B Charcoal Deep Clean Stain Removal Toothbrush Soft",232,99.00,0.43
"Patanjali Kesh Kanti Aloe Vera Hair Cleanser",200,85.00,0.43
"Patanjali Kesh Kanti Reetha Hair Cleanser",200,85.00,0.43
"Popular Essentials Dessicated Coconut",200,86.00,0.43
"Veeba Sriracha Chilli Garlic Sauce",320,137.00,0.43
"Amul Cheese Spread Creamy",180,80.00,0.44
"Hershey's Chocolate Milk Booster",450,200.00,0.44
"Hersheys Chocolate Almond Syrup",450,200.00,0.44
"Hit Flower Lime Fragrance Insect Killer Spray",400,176.00,0.44
"Kelloggs Special K",435,192.00,0.44
"Kitchens Of India Mutter Paneer",285,124.00,0.44
"Popular Essentials Ajwain Whole",100,44.00,0.44
"Popular Essentials Saunf/Fennel Seeds",100,44.00,0.44
"Saffola 100% Pure Honey",1000,437.00,0.44
"TGFC Chicken Boneless Fresh Whole",500,222.00,0.44
"Dabur Chyawanprakash Sugar Free",500,223.00,0.45
"Dettol Clinical Strength Hand Sanitizer Liquid",500,225.00,0.45
"Gits Gulab Jamun Instant Dessert Mix",200,89.00,0.45
"Mother's Recipe Madras Appalam",100,45.00,0.45
"Praakritik Organic Singhara Atta",500,225.00,0.45
"Amul Safed Makkhan",500,232.00,0.46
"Dettol Effective Protection Antiseptic Liquid",250,116.00,0.46
"Everest Tikhalal Hot & Red Chilly Powder",100,46.00,0.46
"Kellogg's Crunchy Bites Chocos",375,171.00,0.46
"Kellogg's Special K Original Corn Flakes",290,133.00,0.46
"The Whole Truth Peanut Butter - Unsweetened & Crunchy",325,148.00,0.46
"Veeba Thousand Island Dressing",300,137.00,0.46
"Colgate Gentle Sensitive+ Toothbrush Pack Of 4",232,108.00,0.47
"Colgate Herbal Toothpaste",200,93.00,0.47
"Durex Air Ultra Thin Condoms",174,82.00,0.47
"Eastern Fish Masala",100,47.00,0.47
"Fevicol Mr.Original General Purpose White Glue ",105,49.00,0.47
"Go Cheese  Spread Plain",200,94.00,0.47
"Go Cheese Spread - Four Pepper (Soft & Creamy)",200,94.00,0.47
"Go Cheese Spread - Garlic",200,94.00,0.47
"Himalaya Anti-Hair Fall Shampoo",400,188.00,0.47
"Himalaya Baby Powder",400,188.00,0.47
"Kellogg's Chocos",250,117.00,0.47
"Popular Essentials Black Til",100,47.00,0.47
"Popular Essentials Dry Dates (Kharak)",250,118.00,0.47
"Vanish All in One Powder Detergent Booster",400,189.00,0.47
"Zorabian Chicken Legs Skinless",450,210.00,0.47
"Amul Butter - Pasteurised",500,240.00,0.48
"Amul Cheese - Block",500,240.00,0.48
"Amul Cheese Slices",750,359.00,0.48
"Amul Unsalted Cooking Butter",500,238.00,0.48
"Closeup Everfresh+ Anti-Germ Gel Toothpaste Red Hot",300,144.00,0.48
"Colgate Max Fresh Plax Mouthwash - Fresh Mint",250,120.00,0.48
"Colgate Plax Peppermint Mouthwash",250,120.00,0.48
"Dabur Honey - World's No.1",250,120.00,0.48
"Dettol Hand Sanitizer",200,95.00,0.48
"Eastern Cumin Powder",100,48.00,0.48
"Godrej Real Good Chicken Drumstick ",500,239.00,0.48
"Hershey's Chocolate Syrup",200,95.00,0.48
"Hershey's Syrup Delicious Strawberry",200,95.00,0.48
"ITC Master Chef Cheesy Corn Triangles",320,152.00,0.48
"ITC Master Chef Veggie Pizza Pocket",340,162.00,0.48
"Kellogg's All Bran Wheat Flakes",425,205.00,0.48
"Lotte Choco Pie Cocoa Pie",168,81.00,0.48
"Patanjali Kesh Kanti Shikakai Hair Cleanser",200,95.00,0.48
"Amul Butter - Pasteurised",100,49.00,0.49
"Dabur Amla Hair Oil",180,88.00,0.49
"Godrej Real Good Marinated Hot & Grill Chicken",450,221.00,0.49
"Hit Cockroach Killer Spray ",200,98.00,0.49
"Kitchens Of India Chicken Chettinad",285,140.00,0.49
"Kitchens Of India Chicken Darbari ",285,140.00,0.49
"Mangaldeep Rose Puja Agarbatti ",120,59.00,0.49
"McCain New Mini Samosa with Cheese Corn Style Filling",240,118.00,0.49
"McCain New Mini Samosa with Cheese Pizza Style Filling",240,118.00,0.49
"Parachute Advansed Gold Coconut Hair Oil",400,194.00,0.49
"Pomegranate Peeled",100,49.00,0.49
"Popular Essentials Chia Seeds",100,49.00,0.49
"TGFC Basa Fillets",500,247.00,0.49
"Amul Pizza Cheese - Mozzarella",200,99.00,0.50
"Amul Pure Ghee (Pouch)",500,249.00,0.50
"Amul Pure Ghee (Pouch)",1000,499.00,0.50
"Borges Durum Wheat Fusilli Pasta ",500,250.00,0.50
"Borges Farfalle Durum Wheat Pasta ",500,250.00,0.50
"Dabur Meswak Toothpaste",200,100.00,0.50
"Dettol Liquid Handwash With Free Liquid",200,99.00,0.50
"Epigamia Greek Yogurt - Natural",400,200.00,0.50
"Gillette Sensitive Shaving Foam",418,210.00,0.50
"Godrej Nupur Henna",150,75.00,0.50
"iD Natural Paneer",200,99.00,0.50
"Karachi Bakery Cashew Biscuits ",400,199.00,0.50
"Kellogg's Real Almond & Honey Corn Flakes",650,324.00,0.50
"Kelloggs Chocos Fills Double Chocolat",175,88.00,0.50
"Listerine Fresh Burst Mouthwash",250,126.00,0.50
"Lux International Creamy White Soap Bar",125,63.00,0.50
"McCain Chilli Cheesy Nuggets",250,124.00,0.50
"McCain Potato Cheese Shotz",250,124.00,0.50
"Origami So Soft Tissue Roll 3 Ply",696,347.00,0.50
"Parle Hide & Seek Choco Rolls",120,60.00,0.50
"Pears Pure And Gentle Value Pack Of 3 Bathing Soap",375,186.00,0.50
"Smith & Jones Pasta Masala",108,54.00,0.50
"Veeba Chipolte Southwest Dressing",300,149.00,0.50
"Amul Ghee (Tin)",1000,509.00,0.51
"Amul Processed Cheese Cubes",200,101.00,0.51
"Apple Kinnaur",232,119.00,0.51
"Apple Shimla",232,119.00,0.51
"Colgate Max Fresh Peppermint Toothpaste ",300,154.00,0.51
"Godrej Real Good Chicken Kheema",450,230.00,0.51
"Guava Thai",116,59.00,0.51
"Kellogg's Muesli Nuts Delight",750,383.00,0.51
"Popular Essentials Sabja/Basil Seeds",100,51.00,0.51
"Satyam Khobra",200,101.00,0.51
"Scotch-Brite Scrub Sponge Ideal For Dishwash Liquid",116,59.00,0.51
"Amul Pizza Cheese Processed",200,104.00,0.52
"Cantina Beans Mexican Beans",410,213.00,0.52
"Chik Hairfall Prevent Egg Shampoo",340,178.00,0.52
"Gowardhan Cow Ghee Pouch",1000,521.00,0.52
"Himalaya Anti Hair Fall Shampoo",700,367.00,0.52
"Kellogg's Real Almond & Honey Corn Flakes",1000,520.00,0.52
"Pillsbury Oven Cake Mix - Rich Chocolate",285,147.00,0.52
"Satyam Nighties Spices  Chilli Pandi",100,52.00,0.52
"Veeba Mint Mayonnaise",300,155.00,0.52
"Yogabar 100% Pure Peanut Butter Creamy & Yummy Unsweetened",400,206.00,0.52
"Amul Processed Cheese Block",200,106.00,0.53
"Betty Crocker French Vanilla Cake Mix",520,276.00,0.53
"Colgate Slim Soft Charcoal Toothbrush",232,123.00,0.53
"Dettol Antiseptic Disinfectant Liquid",125,66.00,0.53
"Durex Mutual Climax Condoms",580,306.00,0.53
"Godrej Aer Spray Fresh Lush Green",240,126.00,0.53
"Himalaya Anti Dandruff Shampoo",400,213.00,0.53
"Kellogg's Crunchy Fruit & Nut Breakfast Cereals Muesli",750,401.00,0.53
"Kellogg's Real Almond & Honey Corn Flakes",300,158.00,0.53
"Listerine Fresh Burst Mouthwash",500,263.00,0.53
"Nestle Everyday Dairy Whitener",400,210.00,0.53
"The Whole Truth Peanut Butter - Sweetened & Crunchy",325,172.00,0.53
"Zorabian Chicken Breast Boneless",250,133.00,0.53
"Ching's Secret Chowmein Hakka Noodles Masala",100,54.00,0.54
"Closeup Everfresh+ Anti-Germ Gel Toothpaste Red Hot",150,81.00,0.54
"Eveready Ultima Alkaline AA Cell Battery-6 Pc Pack",348,189.00,0.54
"Gillette Pre Shave Foam - Classic Regular Skin",418,225.00,0.54
"ITC Master Chef Lebanese Falafel Kebab",230,124.00,0.54
"Kitchens Of India Murgh Methi",285,154.00,0.54
"Listerine Cool Mint Mouthwash - Mild Taste",250,135.00,0.54
"Listerine Original Mouthwash",250,135.00,0.54
"Pillsbury Pancake Mix - Funfetti",162,88.00,0.54
"Popular Essentials Black Raisins Seedless",100,54.00,0.54
"President Butter - Salted",100,54.00,0.54
"The Whole Truth Dark Chocolate Peanut Butter - Creamy",325,174.00,0.54
"Veeba Peri Peri Sauce",300,161.00,0.54
"Zorabian Chicken Cubes",500,270.00,0.54
"Ceres Foods Fish Mustard Instant Liquid Masala",200,110.00,0.55
"Ceres Foods Laal Maas Instant Liquid Masala",200,110.00,0.55
"Ceres Foods Nalli Nihari Instant Liquid Masala",200,110.00,0.55
"Dabur Meswak Toothpaste",100,55.00,0.55
"Godrej Cinthol Lime Talc",100,55.00,0.55
"Godrej Real Good Chicken Boneless Cubes ",450,248.00,0.55
"Godrej Real Good Chicken Breast Boneless",450,248.00,0.55
"Godrej Real Good Chicken Leg Boneless",450,248.00,0.55
"Patanjali Kesh Kanti Anti Dandruff Hair Cleanser",200,110.00,0.55
"Sugarfree Gold Low Calorie Sweetner",110,61.00,0.55
"TGFC Bombay Duck Whole Cleaned",500,274.00,0.55
"Del Monte Black Sliced Olives",450,250.00,0.56
"Del Monte Pitted Green Olives",450,250.00,0.56
"Everest Kashmiri Lal Chilli Powder",500,279.00,0.56
"Gowardhan Pure Ghee Pouch",500,281.00,0.56
"Pillsbury Cooker Cake Mix - Choco",159,89.00,0.56
"Shubh kart - Nirmal Eco Box Chandan Agarbatti - 100g",100,56.00,0.56
"Shubh kart - Nirmal Eco Box Sugandhi Mogra Agarbatti - 100g",100,56.00,0.56
"The Bake Shop Jeera Ajwain Bread Sticks",100,56.00,0.56
"The Bake Shop Whole Wheat Bread Sticks",100,56.00,0.56
"Zorabian Chicken Leg Boneless ",450,250.00,0.56
"Zorabian Chicken Mince",450,250.00,0.56
"Amul Butter - Pasteurised (School Pack)",100,57.00,0.57
"Godrej Yummiez Chicken Breakfast Salami",250,143.00,0.57
"Himalaya Anti Hair Fall Shampoo",200,114.00,0.57
"Patanjali Cow's Ghee",1000,565.00,0.57
"Pillsbury Choco Chip Pancake Mix",165,94.00,0.57
"Godrej Yummiez Cheese Corn Nuggets ",400,230.00,0.58
"Godrej Yummiez Chilli Chicken Sausages ",250,144.00,0.58
"Gowardhan Ghee Jar",1000,579.00,0.58
"ITC Master Chef Crispy Chicken Fries ",280,162.00,0.58
"Kelloggs Muesli - With 22% Fruit Magic",500,288.00,0.58
"MTR Idli/Dosa/Chilly Chutney Powder",200,115.00,0.58
"MTR Masala - Sambar Powder",200,115.00,0.58
"Patanjali Hing Goli",100,58.00,0.58
"Sugarfree Gold Low Calorie Sweetner",300,175.00,0.58
"The Whole Truth Dark Chocolate Peanut Butter - Crunchy",325,188.00,0.58
"Weikfield Drinking Chocolate Powder",100,58.00,0.58
"Yummiez Veg Cheese Fingers Pouch",400,230.00,0.58
"Aashirvaad Svasti Cow Ghee Tetra Pack",500,295.00,0.59
"Epicurea Sushi Rice",500,295.00,0.59
"Epicurea Thai Jasmine Rice",500,295.00,0.59
"Eveready Ultima Alkaline Battery AAA",116,68.00,0.59
"Everest Chat Masala",100,59.00,0.59
"Go Cheese Pizza Blend Mozzarella + Cheddar",200,118.00,0.59
"Go Cheese Processed Angles Plain",160,95.00,0.59
"Go Cheese Processed Block",400,237.00,0.59
"Go Cheese Processed Squares",200,118.00,0.59
"Godrej Yummiez Chicken Lucknowi Seekh Kebab",400,234.00,0.59
"Godrej Yummiez Chicken Nuggets",500,293.00,0.59
"Johnson's Baby Powder",400,235.00,0.59
"Odonil Room Air Freshener Spray Lavender Mist",240,141.00,0.59
"Pear Green Imported",116,69.00,0.59
"Pillsbury Rich Choco Oven Cake Mix - Egg Free",270,159.00,0.59
"Weikfield Cooker Cake Mix - Chocolate",150,89.00,0.59
"Amul Cheese - Processed Slices",200,120.00,0.60
"Bagrry's Fruit Fibre Muesli Mixed Fruit ",1000,595.00,0.60
"Bagrrys Fruit N Fibre Muesli - Strawberry",1000,595.00,0.60
"Bajaj Almond Drops Hair Oil",100,60.00,0.60
"Bajaj Almond Drops Hair Oil Bottle",200,120.00,0.60
"Clinic Plus Strength & Shine Shampoo With Egg Protein ",175,105.00,0.60
"Dove Pink Rosa Beauty Bathinhg Bar",100,60.00,0.60
"Everest Kitchen King Masala",100,60.00,0.60
"Go Processed Cheese Block",200,119.00,0.60
"Kellogg's No Added Sugar Muesli",500,298.00,0.60
"Mortein PowerGard Rat Kill Cake",100,60.00,0.60
"Patanjali Saundarya Aloe Vera Gel",150,90.00,0.60
"Pears Pure & Gentle Glycerin Bath Soap",125,75.00,0.60
"The Whole Truth Peanut Butter With Dates - Creamy No Sugar",325,194.00,0.60
"Yummiez Chicken Breakfast Sausages",250,150.00,0.60
"New Kellogg's Muesli with 21% Fruit, Nut & Seeds",500,305.00,0.61
"The Laughing Cow Cheese Spread Plain",180,110.00,0.61
"Air Wick Room Air Freshener Spray - Lavender & Lotus",245,152.00,0.62
"Airwick Room Air Freshener Spray - Rose & Saffron",245,152.00,0.62
"Airwick Room Air Freshener Spray Cool Water & Aloe Vera",245,152.00,0.62
"Betty Crocker Chocolate Fudge Cake Mix",475,295.00,0.62
"Godrej Aer Morning Misty Meadows Home Air Freshener",240,149.00,0.62
"Gowardhan Ghee/Tuppa Jar",500,309.00,0.62
"Pantene Advanced Control Hair Fall Solution Shampoo",180,112.00,0.62
"Pantene Advanced Hair Fall Solution Silky Smooth Care Shampoo",180,112.00,0.62
"Pantene Silky Smooth Care Shampoo",340,210.00,0.62
"Yoga Bar Peanut Butter Dark Chocolate Jar",400,249.00,0.62
"Colgate Max Fresh Cooling Crystals Toothpaste",150,95.00,0.63
"Gits Jalebi with Maker Dessert Mix",100,63.00,0.63
"Himalaya Anti Dandruff Shampoo",200,126.00,0.63
"Nestle Cerelac Wheat - Stage 1",300,190.00,0.63
"RRO Burrata Cheese",200,125.00,0.63
"Weikfield Cooker Cake Mix - Vanilla",150,95.00,0.63
"Yummiez Chicken Garlic Fingers Pouch",400,250.00,0.63
"Zorabian Chicken Kheema Parathas",300,190.00,0.63
"Apple Washington",232,149.00,0.64
"Dettol Antiseptic Liquid + Disinfectant Spray - Original",225,143.00,0.64
"Everest Kitchen King Masala",200,128.00,0.64
"Himalaya Anti Dandruff Shampoo",200,128.00,0.64
"Kellogg's Muesli 20% Nuts Delight",500,320.00,0.64
"Palmolive Aroma Absolute Relax Shower Gel",250,159.00,0.64
"Soulfull Ragi Bites Choco Fills",250,160.00,0.64
"Soulfull Vanilla Fills - Ragi Bites",250,160.00,0.64
"24 Mantra Organic Cumin",100,65.00,0.65
"24 Mantra Red Chilly Whole",100,65.00,0.65
"Baggry's Crunchy Muesli Almond Raisins & Honey",200,130.00,0.65
"Eastern Chicken Masala",100,65.00,0.65
"ITC Master Chef Chicken Seekh Kabab",500,325.00,0.65
"Kellogg's Crunchy Granola Chocolate & Almonds",450,294.00,0.65
"Kellogg's Crunchy Granola Honey, Almonds, Strawberries & Pumpkin Seeds",450,294.00,0.65
"Pantene Hair Fall Control Shampoo",340,221.00,0.65
"Bagrrys Fruit N Fibre Muesli Mixed Fruit",500,330.00,0.66
"Everest Chicken Masala",200,132.00,0.66
"Himalaya Baby Lotion",400,264.00,0.66
"Himalaya Gentle Baby Shampoo",400,265.00,0.66
"Kelloggs Chocos Fills Double Chocolaty",250,165.00,0.66
"Bagrrys Fruit and Nut Muesli with Cranberries",750,499.00,0.67
"Betty Crocker Mug Treats - Chocolate Mix - Pack of 4",264,178.00,0.67
"Everest Meat Masala Powder",100,67.00,0.67
"Everest Tandoori Chicken Masala",100,67.00,0.67
"Go Cheese Slice - Plain",200,133.00,0.67
"Go Pizza Cheese",200,133.00,0.67
"Kellogg's Almonds And Cranberries Granola",460,310.00,0.67
"L'Oreal Paris Total Repair 5 Shampoo",396,265.00,0.67
"Pantene Advanced Hair Fall Solution Shampoo - Total Damage Care",180,120.00,0.67
"Pantene Total Damage Care Shampoo",180,120.00,0.67
"Soulfull Millet Muesli Fruit & Nut Almonds & Real Fruits",400,269.00,0.67
"D'lecta Shredded Mozzarella Cheese",140,95.00,0.68
"Dove Hair Fall Rescue Shampoo",180,123.00,0.68
"Everest Dry Ginger Powder",100,68.00,0.68
"Odomos lotion - Mosquito Repellent",120,82.00,0.68
"Savlon Clothes Disinfectant & Refreshing Spray Fresh Breeze",230,157.00,0.68
"Apple Royal Gala",232,159.00,0.69
"Clinic Plus Strong & Long Health Shampoo",650,449.00,0.69
"Dlecta Cheese Cubes 2",200,137.00,0.69
"Dove Hair Fall Rescue Shampoo",340,236.00,0.69
"Durex Condoms Mutual Climax",174,120.00,0.69
"Oral-B Criss Cross Medium Toothbrush (Buy 2 Get 2 Free)",232,160.00,0.69
"Pillsbury Oven Cake Mix - Vanilla",225,156.00,0.69
"RRO Fresh Ricotta",200,137.00,0.69
"RRO Mozzarella Pizza Cheese",200,137.00,0.69
"RRO Sour Cream",200,137.00,0.69
"Sunsilk Lusciously Thick & Long Shampoo",340,234.00,0.69
"24 Mantra Organic Cumin Powder",100,70.00,0.70
"Amul Cheese Slices",100,70.00,0.70
"Borges Extra Light Olive Oil Bottle ",2000,1399.00,0.70
"Everest Pav Bhaji Masala",100,70.00,0.70
"Hit Lime Fresh Flying Insect Killer",385,269.00,0.70
"Johnson's Baby Soap",100,70.00,0.70
"Johnson's Baby Soap",150,105.00,0.70
"L'Oreal 6 Oil Nourish Conditioner",192,135.00,0.70
"The Bake Shop Masala Lavash",100,70.00,0.70
"The Bake Shop Whole Wheat Multigrain Lavash",100,70.00,0.70
"Cornitos Cornitos Taco Shells - 6 Inches",180,128.00,0.71
"Dabur Gulabari Rose Glow Face Cleanse",100,71.00,0.71
"Dove Daily Shine Shampoo",340,240.00,0.71
"Everest Garam Masala",200,142.00,0.71
"Odonil Air Fresher Buy 3 Get 1 Free",300,213.00,0.71
"ScotchBrite Premium Kitchen Towels",174,123.00,0.71
"Cornitos Peanut - Premium Salted ",150,108.00,0.72
"Everest Chicken Masala",100,72.00,0.72
"Everest Garam Masala",100,72.00,0.72
"Fiama Di Wills Shower Gel Patchouli & Macadamia",250,179.00,0.72
"Fiama Lemongrass and Jojoba Shower Gel",250,180.00,0.72
"Fiama Men's Refreshing Pulse Shower Gel",250,179.00,0.72
"Fiama Men's Refreshing Pulse Shower Gel",250,180.00,0.72
"Gala Iron Bull Scrub Pad",174,126.00,0.72
"Johnson's Baby Powder",200,143.00,0.72
"Dlecta Cheese Block",200,145.00,0.73
"Himalaya Baby Lotion",200,145.00,0.73
"Himalaya Baby Powder",100,73.00,0.73
"Himalaya Gentle Baby Shampoo",200,146.00,0.73
"Satyam Chilli  Bedgi",100,73.00,0.73
"Bagrrys Muesli Crunchy Fruit & Nut With Cranberries",400,297.00,0.74
"Dabur 100% Pure Honey",400,297.00,0.74
"Dabur Honey Squeezy",225,167.00,0.74
"Dove Dryness Care Shampoo",340,252.00,0.74
"Fiama Scents Juniper & Geranium Body Wash",250,186.00,0.74
"Godrej Yummiez Chicken Punjabi Tikka ",360,266.00,0.74
"RRO Cheddar Block Cheese",200,147.00,0.74
"RRO Mozzarella Block Cheese",200,147.00,0.74
"The Whole Truth - 5 Grain Muesli No Added Sugar",350,260.00,0.74
"The Whole Truth - Nuts, Fruits & Seeds Muesli",350,260.00,0.74
"Himalaya Gentle Baby Bath",200,150.00,0.75
"Maggi Magic Cubes Extra Chicken",240,179.00,0.75
"Popular Essentials Pumpkin Seeds",100,75.00,0.75
"Praakritik Organic Natural Wild Forest Honey",200,150.00,0.75
"Sugarfree Natural Green Stevia Leaves Zero Calorie",100,75.00,0.75
"Sundrop Cocoa Nut Hazelnut Chocolatey Spread",160,120.00,0.75
"The Laughing Cow Cheese Cubes",200,150.00,0.75
"The Laughing Cow Plain Processed Cheese Block",200,150.00,0.75
"Hershey's Cocoa + Almond Spread",350,266.00,0.76
"Himalaya Purifying Neem Face Wash Tube",300,229.00,0.76
"Nivea Men Active Clean with Active Charcoal Shower Gel for Body Face & Hair",250,191.00,0.76
"ITC Master Chef Chicken Galouti Kebab",210,162.00,0.77
"Pomegranate ",116,89.00,0.77
"Yoga Bar Breakfast Muesli - Almond Caramel (No Added Sugar)",400,309.00,0.77
"Yoga Bar Breakfast Muesli - Chocolate & Cranberry ",400,309.00,0.77
"Dove Hair Fall Rescue Shampoo",180,141.00,0.78
"Head & Shoulders Anti Dandruff Shampoo Cool Menthol",340,266.00,0.78
"Head & Shoulders Anti-Dandruff Smooth & Silky Shampoo",340,266.00,0.78
"L'Oreal Paris Color Protect Shampoo",360,282.00,0.78
"L'Oreal Paris Dream Lengths Shampoo",192,149.00,0.78
"Pantene Advanced Hair Fall Solution Shampoo - Total Damage Care",340,264.00,0.78
"Park Avenue Beer Shampoo ",180,140.00,0.78
"Pedigree Dentastix  Dog Treat Oral Care for Adult Medium Breed ",180,140.00,0.78
"The Laughing Cow Cheese Slices",200,155.00,0.78
"Zorabian Chicken Smoked Ham",250,194.00,0.78
"Johnson's Baby Top To Toe Bath Body Wash",210,165.00,0.79
"Nycil Germ Expert Cool Herbal Talc",150,119.00,0.79
"Organic India Organic Chyawanprash",500,396.00,0.79
"Chakaachak Super Sponge Wipes (Pack of 3)",174,140.00,0.80
"Everest Dry Mango Powder",100,80.00,0.80
"Himalaya Baby Nourishing Massage Oil",200,160.00,0.80
"Moi Soi  Black Bean Sauce - Dip Spread Stir Fry & Marinade",175,140.00,0.80
"Moi Soi Kung Pao Sauce - For Stir Fry Marinade Spread & Dip",175,140.00,0.80
"Moi Soi Manchurian Sauce - For Stir Fry Marinade Spread & Dip",175,140.00,0.80
"Moi Soi Sichuan Chilli Oil- For Stir Fry Marinade Spread & Dip",175,140.00,0.80
"Nivea Body Milk Lotion for Very Dry Skin",400,319.00,0.80
"Palmolive Feel The Massage Shower Gel",250,199.00,0.80
"Popular Essentials Byadagi Chilli Stemless",100,80.00,0.80
"Satyam Nighties Spices  Chilli Bore",100,80.00,0.80
"Sunsilk Lusciously Thick & Long Shampoo",650,521.00,0.80
"Sunsilk Stunning Black Shine Shampoo",650,521.00,0.80
"Himalaya Prickly Heat Baby Powder",100,81.00,0.81
"Vaseline Intensive Care Deep Moisture Body Lotion",400,325.00,0.81
"Dove Dandruff Care Shampoo",180,147.00,0.82
"Odomos Mosquito Repellent Spray",100,82.00,0.82
"Vicks Inhaler with Keychain",116,95.00,0.82
"Cadbury Hot Chocolate",200,166.00,0.83
"Colgate Total Charcoal Anticavity Toothpaste",120,99.00,0.83
"Head & Shoulders Anti-Dandruff Smooth & Silky Shampoo",180,150.00,0.83
"Maggi Magic Cubes Extra Chicken",240,199.00,0.83
"Wingreens Farms Chipotle Dip",180,150.00,0.83
"Head & Shoulders Anti Dandruff Anti Hairfall Shampoo",340,285.00,0.84
"Hershey's Cocoa Spread",350,295.00,0.84
"Hershey's Hot Chocolate Powder",250,210.00,0.84
"Baidyanath Isabgol",100,85.00,0.85
"Bell Peppers Red & Yellow ",116,99.00,0.85
"Mamaearth Ubtan Body Lotion",400,339.00,0.85
"Nestle Lactogen Stage 2 Follow-up Formula Powder",400,340.00,0.85
"Nivea Body Shea Smooth with Shea Butter for Dry Skin",400,340.00,0.85
"Fiama Di Wills Men's Refreshing Pulse Shower Gel",250,214.00,0.86
"Happilo Premium International Queen Kalmi Dates",200,172.00,0.86
"Nestle Cerelac Baby Cereal With Milk Wheat-Rice Mixed Fruit",300,261.00,0.87
"Savlon Surface Disinfectant Spray",170,148.00,0.87
"Colgate Sensitive Plus Enamel Toothpaste Tube",160,140.00,0.88
"Danish Butter Cookies",400,350.00,0.88
"Fresh Mutton Curry Cut Cubes (Halal)",500,442.00,0.88
"Dabur Honitus Herbal Cough Remedy Ayurvedic Syrup",100,89.00,0.89
"Everest Powder - Tea Masala",100,89.00,0.89
"On1y Sea Salt Grinder",100,89.00,0.89
"Pantene Hairfall Control Conditioner",200,178.00,0.89
"RRO Mascarpone Cheese",200,177.00,0.89
"Sebamed Cleansing Bar",100,89.00,0.89
"The Bake Shop Masala Cheese Crackers",100,89.00,0.89
"Britannia Good Day Cashew Cookies Pack Of 6",120,108.00,0.90
"Colgate Total 12 Whole Mouth Protection Toothpaste",120,108.00,0.90
"Gillette Lemon Lime Shaving Foam",196,177.00,0.90
"Johnson's Baby Shampoo",200,180.00,0.90
"Popular Essentials Black Pepper",100,90.00,0.90
"Nestlé CERELAC Baby Cereal with Milk",300,272.00,0.91
"Laughing Cow Cheese 8 Portion 120Gm Imported",120,110.00,0.92
"Remia Salad Italian Dressing ",250,230.00,0.92
"Dove Intense Repair Conditioner",175,162.00,0.93
"Nestle Cerelac Baby Cereal with Milk 5 Grains & Vegetables from 18 to 24 Month",300,279.00,0.93
"Dove Daily Shine Shampoo",650,612.00,0.94
"Head & shoulders Anti Dandruff Shampoo Cool Menthol",180,170.00,0.94
"Popular Essentials Californian Almond",500,470.00,0.94
"D'lecta Cheddar Cheese",200,189.00,0.95
"D'lecta Natural Feta Cheese Block",100,95.00,0.95
"Dabur Hajmola Maha Candy - Aam+Imli",130,123.00,0.95
"Dlecta Natural Cheddar Slices",200,189.00,0.95
"Pantene Adv Hairfall Solution Conditioner Silky Smooth",200,190.00,0.95
"Popular Essentials Red Cherry/Gundu Chilli",100,95.00,0.95
"Remia Mayonnaise",241,230.00,0.95
"Satyam Nighties Spices  Chilli Kashmiri",100,95.00,0.95
"Nestle Cerelac 5 Grains & Fruits Cereal",300,288.00,0.96
"Odonil Room Air Freshener Spray - Lavender Mist",137,132.00,0.96
"Odonil Room Spray Air Freshener Citrus Fres",137,132.00,0.96
"Pantai Sriracha Green Chilli Sauce",200,191.00,0.96
"Pantai Sriracha Red Chilli Sauce",200,191.00,0.96
"Pantai Sriracha Yellow Chilli Sauce",200,191.00,0.96
"TRESemme Smooth And Shine Conditioner",190,182.00,0.96
"Head & Shoulders 2 In 1 Anti Dandruff Shampoo Conditioner ",180,174.00,0.97
"Nestle Ceregrow Multigrain Cereal with Milk and Fruits - 3 to 6 years",300,292.00,0.97
"Head & Shoulders 2 In 1 Anti Dandruff Smooth & Silky Shampoo+Conditioner",340,334.00,0.98
"Johnson's Baby No More Tears Baby Shampoo",100,98.00,0.98
"Fine Life Cotton Balls",100,99.00,0.99
"Fresh Mutton Mince - Kheema (Halal)",500,495.00,0.99
"Head & Shoulders 2-in-1 Active Protect Shampoo",340,338.00,0.99
"On1y Black Salt Grinder",100,99.00,0.99
"Tong Garden Wasabi Coated Greenpeas Tin",180,178.00,0.99
"Johnson's Baby Lotion",100,100.00,1.00
"Johnson's Baby Oil",200,200.00,1.00
"Maggi Coconut Milkpowder",100,100.00,1.00
"Mamaearth Daily Moisturizing Lotion For Babies",200,199.00,1.00
"Mamaearth Deeply Nourishing wash for Babies",200,199.00,1.00
"Popular Essentials Californian Almond",250,251.00,1.00
"Remia Salad Caesar Dressing",250,250.00,1.00
"Scotch Brite Multi-Purpose Sponge Wipes",580,581.00,1.00
"Cantina Tortilla Dip Sauce Sour Creamy Tex Mex",190,191.00,1.01
"Origami Good Karma Toilet Roll",232,234.00,1.01
"Ferrero Nutella Hazeulnut Spread",350,357.00,1.02
"Gillette Classic Regular Pre Shave Foam",196,199.00,1.02
"Himalaya Purifying Neem Face Wash",150,153.00,1.02
"Scotch Brite Sponge Wipe",290,297.00,1.02
"Vaseline Intensive Care Aloe Fresh",200,203.00,1.02
"Colgate Visible White Toothpaste",100,103.00,1.03
"L'Oreal Paris Dream Lengths Conditioner",193,199.00,1.03
"Oral-B Charcoal Cross Cross Extra Soft Toothbrush (Buy 2 Get 1 Free)",174,180.00,1.03
"L'Oreal Anti Hair Fall Conditioner",192,199.00,1.04
"L'Oreal Paris Color Protect Conditioner",192,199.00,1.04
"L'Oreal Paris Total Repair 5 Conditioner",192,199.00,1.04
"Japanese Choice Udon Noodles",250,266.00,1.06
"Nivea Soft Light Moisturizer for Face Hand & Body Non-Sticky Cream with Vitamin E & Jojoba Oil",300,319.00,1.06
"Nivea Women Deodorant Fresh Natural Long Lasting Freshness & 48h Protection",150,159.00,1.06
"D'lecta Cream Cheese",150,161.00,1.07
"Head & Shoulders Shampoo + Conditioner - 2-In-1, Cool Menthol",340,365.00,1.07
"Organic India Apple Cider Vinegar",500,536.00,1.07
"Clean & Clear Foaming Face Wash",150,162.00,1.08
"Hershey's Cocoa - Natural Unsweetened",225,243.00,1.08
"L'Oreal Paris Dream Lengths Conditioner",193,209.00,1.08
"Praakritik Organic Garlic Powder",100,108.00,1.08
"Dove Daily Shine Conditioner",175,190.00,1.09
"Dove Hair Fall Rescue Conditioner",175,190.00,1.09
"Origami Kitchen Towels 2 In 1 Quilted 2ply",116,126.00,1.09
"Head & Shoulders 2-in-1 Cool Menthol Anti Dandruff Shampoo + Conditioner",340,375.00,1.10
"Pond's Light Moisturiser",250,278.00,1.11
"Tong Garden Wasabi Green Peas",150,167.00,1.11
"Pantai Green Curry Paste",114,128.00,1.12
"Pantai Red Curry Paste",114,128.00,1.12
"Tresemme Keratin Smooth Conditioner",340,380.00,1.12
"Vaseline Original Skin Protecting Jelly",100,112.00,1.12
"Engage Rush Deodorant For Men",150,169.00,1.13
"Nivea Men Deodorant Fresh Active 48h Long lasting Freshness",150,169.00,1.13
"Popular Essentials Cashew Split",250,283.00,1.13
"Everest Black Pepper Powder",100,115.00,1.15
"Ferrero Nutella Hazelnut Spread",180,207.00,1.15
"Johnson's Baby Oil",100,115.00,1.15
"Scotch Brite Sponge Wipes",174,200.00,1.15
"Engage Drizzle Deodorant For Women, Floral And Lavender, Skin Friendly",150,174.00,1.16
"Engage Mate For Man Deo Spray",150,174.00,1.16
"Engage Urge Deodorant For Men, Citrus And Woody, Skin Friendly",150,174.00,1.16
"Engage Woman Blush Body Deo Spray",150,174.00,1.16
"The Bake Shop Maska & Multigrain Cheese Crackers",100,116.00,1.16
"The Bake Shop Sesame Seed Crackers",100,116.00,1.16
"TRESemme Smooth And Shine Conditioner",190,220.00,1.16
"Engage Deo Frost",150,176.00,1.17
"Engage Man Rush Deodorant",150,176.00,1.17
"Eno Fruit Salt Lemon Flavour Energy Powder",100,117.00,1.17
"Pantai Chilli Garlic Sauce",200,234.00,1.17
"Pantai Dark Soy Sauce",200,234.00,1.17
"Pantai Fish Sauce",200,234.00,1.17
"Pantai Hot Chilli Sauce",200,234.00,1.17
"Pantai Light Soy Sauce",200,234.00,1.17
"Pantai Oyster Sauce",200,234.00,1.17
"Pantai Sweet Chilli Sauce",200,234.00,1.17
"Praakritik Orrganic Cold Pressed Sesame Oil",100,117.00,1.17
"Happilo Premium 100% Natural Whole Cashews",200,235.00,1.18
"Sugarfree Gold Low Calorie Sweetner ",100,118.00,1.18
"Borges Extra Virgin Olive Oil",250,299.00,1.20
"Delight Nuts Cranberries Sliced ",200,239.00,1.20
"Everest Shahi Biryani Masala",200,245.00,1.23
"Pantai Spring Roll Sauce",200,245.00,1.23
"Nivea Body Lotion Aloe Hydration For Normal Skin ",200,247.00,1.24
"Nivea Cocoa Nourish Body Lotion With Coconut Oil & Cocoa Butter For Very Dry Skin ",200,247.00,1.24
"Praakritik Organic Ginger Powder",100,125.00,1.25
"Clean & Clear Foaming Face Wash",100,126.00,1.26
"Happilo Premium Afghani Anjeer",200,256.00,1.28
"Popular Essentials Phool Makhana (Jumbo Size)",100,128.00,1.28
"Axe Dark Temptation Men's Deodorant",150,194.00,1.29
"Eno Regular Fruit Salt Energy Powder",100,130.00,1.30
"Clean & Clear Morning Energy Aqua Splash Face Wash",100,131.00,1.31
"Clean & Clear Morning Energy Lemon Face Wash",100,131.00,1.31
"Nivea Soft Light Moisturizer for Face Hand & Body Non-Sticky Cream with Vitamin E & Jojoba Oil",200,263.00,1.32
"Origami Cups Plain 100 units",100,132.00,1.32
"Dabur Nature Care Isabgol - Double Action",100,133.00,1.33
"Set Wet Deodrant Charm Avatar",150,199.00,1.33
"Set Wet Swag Avatar Deodorant & Body Spray Perfume For Men",150,199.00,1.33
"Praakritik Organic Extra Virgin Coconut Oil",100,134.00,1.34
"Horlicks Protein Plus Chocolate",200,270.00,1.35
"Delight Nuts Dried Cranberries ",200,272.00,1.36
"Nivea Soft Moisturizing Cream",200,272.00,1.36
"Pantai Teriyaki Sauce with Garlic",200,276.00,1.38
"Axe Pulse Men's Deodorant",150,210.00,1.40
"Delight Nuts Almond Natural ",200,279.00,1.40
"Cadbury Cocoa Powder",150,211.00,1.41
"Harpic Flushmatic In-Cistern Toilet Cleaner Blocks Marine",100,143.00,1.43
"Clean & Clear Morning Energy Berry Face Wash",100,145.00,1.45
"Pantai Pad Thai Sauce (Non-Veg)",200,293.00,1.47
"Popular Essentials Pista Salted (With Shell)",250,371.00,1.48
"Delight Nuts Trail Mix ",200,299.00,1.50
"Engage M2 Perfume Spray For Men",120,180.00,1.50
"Engage M3 Perfume Spray for Men",120,180.00,1.50
"Engage M4 Perfume Spray For Men",120,180.00,1.50
"Figaro Pure Olive Oil",200,299.00,1.50
"Johnson's Baby Cream",100,150.00,1.50
"Garnier Skin Naturals, Micellar Cleansing Water",125,189.00,1.51
"Fogg Royal Fragrance Spray",150,230.00,1.53
"Pediasure Premium Chocolate Powdered Health Drink",400,610.00,1.53
"Ching's Secret  Noodles - Pad Thai Lemongras",130,200.00,1.54
"Ching's Secret  Pad Thai Noodles Green Curry",130,200.00,1.54
"Ching's Secret Noodles - Pad Thai Original",130,200.00,1.54
"Ching's Secret Pad Thai Noodles - Extra Hot Thai Chilli",130,200.00,1.54
"Nestle Nan Pro 4 Follow Up Formula Powder For Older Infants ",400,620.00,1.55
"24 Mantra Organic Black Pepper",100,157.00,1.57
"Nivea Creme All Season Multi-Purpose Cream ",100,157.00,1.57
"Nivea Soft Light Moisturizer for Face Hand & Body Non-Sticky Cream with Vitamin E & Jojoba Oil ",100,157.00,1.57
"Nivea Soft Light Moisturizing Cream",100,157.00,1.57
"Nivea Creme, All Season Multi-Purpose Cream",100,158.00,1.58
"Delight Nuts Berries Mix ",200,319.00,1.60
"Engage M1 Perfume Spray for Men ",120,194.00,1.62
"Godrej Real Good Chicken Legs ",116,189.00,1.63
"Himalaya Men Pimple Clear Neem Face Wash",100,163.00,1.63
"Nestle Nestle Nan Pro Follow-Up Formula",400,650.00,1.63
"Mamaearth Moisturizing Baby Bath Soap",150,249.00,1.66
"Tong Garden Salted Cocktail Nuts",160,266.00,1.66
"Fogg Paradise Fragrant Body Spray For Women ",150,250.00,1.67
"Old Spice Original After Shave Lotion",150,250.00,1.67
"Popular Essentials Anjeer",100,169.00,1.69
"Delight Nuts Cashew Roasted & Salted",200,340.00,1.70
"Delight Nuts Pista Roasted & Salted",200,340.00,1.70
"Dove Cream Beauty Bathing Bar",125,212.00,1.70
"Popular Essentials Popular Essential Pista Salted (With Shell)",100,171.00,1.71
"Glow & Lovely Advanced Multivitamin Face Cream",110,190.00,1.73
"Garnier Color Naturals Crème Hair Color, Shade 5 Light Brown",100,180.00,1.80
"Scalpe Pro Anti dandruff Shampoo 100ml",100,185.00,1.85
"Gillette Mach 3 Mens Razor Blades",232,460.00,1.98
"Mamaearth Vitamin C Face Toner",200,399.00,2.00
"Old Spice After Shave Lotion Musk",100,200.00,2.00
"Gillete Mach3 ",116,234.00,2.02
"Fogg Master - Royal Intense",120,250.00,2.08
"Satyam Makhana",100,208.00,2.08
"Gillette Mach 3 Start",116,249.00,2.15
"Dove Pink Rosa Beauty Bathing Bar",100,221.00,2.21
"Livon Anti-Frizz Serum",100,225.00,2.25
"Origami Plates Plain",100,225.00,2.25
"RRO Goat Milk Fetta Cheee",100,237.00,2.37
"Mamaearth Onion Hair Oil",150,359.00,2.39
"Praakritik Natural Desi Gir Cow A2 Ghee",540,1305.00,2.42
"Bombay Shaving Company Charcoal Face Wash",100,249.00,2.49
"Gillette Mach 3 Turbo Cartridges",232,578.00,2.49
"Mangalam Camphor Tablet Jar",100,252.00,2.52
"Popular Essentials Poppy Seeds (Gasagase)",100,260.00,2.60
"Sebamed Anti - Dandruff Shampoo",200,540.00,2.70
"Delight Nuts Dried Blueberries ",150,432.00,2.88
"Mamaearth Ubtan Face Scrub Turmeric & Walnut",100,314.00,3.14
"Organic India Wheat Grass",100,316.00,3.16
"Bombay Shaving Company Sensitive Cartridges",116,375.00,3.23
"L'Oreal Paris Casting Creme Gloss Hair Color, Medium Brown 500",160,550.00,3.44
"L'Oreal Casting Creme Ebony Black Hair Color",159,550.00,3.46
"L'Oreal Paris Casting Creme Gloss Hair Color (Dark Brown 400)",159,550.00,3.46
"L'Oreal Paris Excellence Creme Hair Color, 3.16 Burgundy",159,550.00,3.46
"L'Oreal Paris Excellence Creme Hair Color, 1 Black",172,620.00,3.60
"L'Oreal Paris Excellence Creme Hair Color, 3 Dark Brown/Natural Darkest Brown",172,620.00,3.60
"L'Oreal Paris Excellence Creme Hair Color, 4 Natural Brown/Natural Dark Brown",172,620.00,3.60
"L'Oreal Paris Excellence Creme Hair Color, 4.25 Aishwarya's Brown",172,620.00,3.60
"Indulekha Bhringa Hair Oil",100,367.00,3.67
