name,weightInGms,weight_category
Onion,1000,Medium
"Tomato Hybrid",1000,Medium
"Tender Coconut",58,Low
"Coriander Leaves",100,Low
"Ladies Finger ",250,Low
Potato,1000,Medium
Lemon,200,Low
"Watermelon ",58,Low
"Capsicum Green ",250,Low
"Chilli Green ",100,Low
"Banana Robusta",348,Low
"Garlic Indian ",100,Low
Cauliflower,58,Low
Ginger,200,Low
Spinach,250,Low
Muskmelon,58,Low
"Cabbage ",58,Low
Methi,250,Low
Broccoli,500,Low
Sapota,348,Low
Onion,3000,Medium
Potato,3000,Medium
"Orange Nagpur",232,Low
"Mint Leaves ",100,Low
"Beans French",250,Low
"Bottle Gourd ",58,Low
"Banana Elaichi ",348,Low
"Coconut Big",58,Low
"Curry Leaves",50,Low
"Brinjal Bharta",58,Low
"Lettuce Iceberg",250,Low
Papaya,58,Low
"Apple Shimla",232,Low
"Bitter Gourd",250,Low
"Brinjal Small",250,Low
"Sweet Corn",116,Low
"Spring Onion ",250,Low
"Bell Peppers Red & Yellow ",116,Low
"Pomegranate ",116,Low
"Sweet Lime",116,Low
"Baby Potato",500,Low
Coccinia,250,Low
Guava,232,Low
"Apple Washington",232,Low
Amla,250,Low
"Beans Cluster",250,Low
"Apple Royal Gala",232,Low
"Chilli Bhaji",250,Low
"Lettuce Green",100,Low
"Baby Corn Peeled",250,Low
"Mixed Sprouts",200,Low
"Zucchini Green",250,Low
"Beans Broad",250,Low
"Raw Banana",500,Low
"Colocasia ",500,Low
"Tomato Cherry ",200,Low
"Sweet Potato ",500,Low
"Pineapple Slice",200,Low
Orange,116,Low
"Dragon Fruit Imported",58,Low
"Zucchini Yellow",250,Low
"Apple Kinnaur",232,Low
Pineapple,58,Low
Basil,100,Low
Parsley,100,Low
"Ridge Gourd",500,Low
"Papaya Cut",200,Low
"Pomegranate Peeled",100,Low
"Pear Green Imported",116,Low
"Guava Thai",116,Low
"Lettuce Red",100,Low
"Mango Raw",500,Low
"Biryani /Pulav Mix",250,Low
"Banana Nendran",500,Low
"Pumpkin Cut",200,Low
"Banana Red",500,Low
"Radish White",500,Low
"Avocado Indian Premium",58,Low
"Banana Leaf",58,Low
"Sponge Gourd",300,Low
"Zama Organics Carrot",250,Low
"Safal Frozen - Mixed Vegetables",1000,Medium
"Zama Organics Sweet Potato",250,Low
Beetroot,500,Low
Capsicum,500,Low
Carrot,500,Low
Garlic,200,Low
Carrot,250,Low
Beetroot,250,Low
"Moong Sprouts",200,Low
"Safal Frozen Mixed Vegetables",500,Low
"Safal Frozen Corn",200,Low
"Safal Frozen - Sweet Corn",1000,Medium
"Maggi 2 Minute Masala Noodles",70,Low
"iD Idli & Dosa Batter ",1000,Medium
"Tata Salt",1000,Medium
"Arden Eggs White",696,Low
"Arden Eggs White",348,Low
"Fortune Sunlite Refined Sunflower (Pouch)",1000,Medium
"Aashirvaad Superior MP Atta",5000,Bulk
"Amul Pure Ghee (Pouch)",500,Low
"Arden Eggs Brown",348,Low
"Tata Salt Lite",1000,Medium
"Saffola Gold Oil (Pouch)",1000,Medium
"Fortune Sunlite Refined Sunflower (Jar)",5000,Bulk
"Fortune Rice Bran (Pouch)",1000,Medium
"Saffola Active Oil",1000,Medium
"Amul Pure Ghee (Pouch)",1000,Medium
"Aashirvaad Atta",10000,Bulk
"Popular Essentials Toor Dal (Un-Polished)",1000,Medium
"Amul Ghee (Tin)",1000,Medium
"Amul Fresh Cream",1000,Medium
"Popular Essentials Pure Jaggery",450,Low
"Aashirvaad Multigrain Atta",1000,Medium
"Fortune Soyabean Oil",5000,Bulk
"Popular Essentials Sunflower Seeds",50,Low
"Tata Sampann kabuli chana",1000,Medium
"Dhara Groundnut Oil (Pouch)",1000,Medium
"Dhara Health Refined Sun Flower Oil Jar",5000,Bulk
"24 Mantra Organic Jaggery Powder",500,Low
"Tata Sampann High Protien Kabuli Chana",500,Low
"Dhara Kachi Ghani Mustard Oil Jar",5000,Bulk
"D'lecta Dairy Cream",200,Low
"Ching's Secret Instant Hot Garlic Noodles",60,Low
"Dabur Ginger Garlic Paste",100,Low
"Ching's Secret Instant Schezwan Noodles",60,Low
"Gowardhan Ghee/Tuppa Jar",500,Low
"Tata Sampann Unpolished Moong Dal ",500,Low
"Aashirvaad Select Atta",1000,Medium
"Popular Essentials Misri Dana (Diamond Sugar) ",100,Low
"Gowardhan Ghee Jar",1000,Medium
"Top Ramen  Noodles Curry Veg Pouch",70,Low
"Popular Essentials Refined Sugar",1000,Medium
"Fortune Kachi Ghani Mustard Oil Bottle",1000,Medium
"Saffola Veggie Twist Masala Oats",38,Low
"Satyam Puffed Rice Kurmura (R)",200,Low
"Quaker Oats",400,Low
"Aashirvaad Select Sharbati Atta",5000,Bulk
"Popular Essentials Refined Sugar",5000,Bulk
"Gowardhan Cow Ghee Pouch",1000,Medium
"Dhara Nourish Refined Sunflower Oil Pouch",1000,Medium
"Parachute Oil ",100,Low
"Popular Essentials Plain Puffed Rice (Murmura/Muri)",100,Low
"Amul Mithai Mate Condensed Sweetened Milk",200,Low
"Saffola Gold (Jar)",5000,Bulk
"McCain New Mini Samosa with Cheese Pizza Style Filling",240,Low
"Fortune Rice Bran Health Oil (Jar)",5000,Bulk
"Arden Desi Eggs",348,Low
"Fortune Rozana Basmati Rice",5000,Bulk
"Fortune Biriyani Special Basmati Rice",1000,Medium
"Everest Garam Masala",100,Low
"Popular Essentials Pumpkin Seeds",100,Low
"Fortune Soya Health Refined Soybean Oil",1000,Medium
"Gowardhan Pure Ghee Pouch",500,Low
"Popular Essentials Jeera/Cumin Seeds",100,Low
"Weikfield Baking Soda",100,Low
"Everest Pav Bhaji Masala",50,Low
"Tata Sampann Unpolished Chana Dal",1000,Medium
"Amul Mithai Mate EOE Tin",400,Low
"Pillsbury Chakki Fresh Atta",10000,Bulk
"Everest Chicken Masala",50,Low
"Dhara Life Refined Ricebran Oil (Pouch)",1000,Medium
"Borges Extra Virgin Olive Oil",250,Low
"Everest Shahi Biryani Masala",50,Low
"Popular Essentials Californian Almond",250,Low
"Popular Essentials Ajwain Whole",50,Low
"Everest Tikhalal Chilli Powder",500,Low
"Popular Essentials Kabuli Chana Regular",500,Low
"Pillsbury Chakki Fresh Atta",1000,Medium
"Popular Essentials Saunf/Fennel Seeds",100,Low
"Popular Essentials Bansi Sooji",500,Low
"Happilo Premium International Queen Kalmi Dates",200,Low
"Tata Sampann Unpolished Urad Whole",500,Low
"Popular Essentials Cashew Split",250,Low
"Popular Essentials Chana Dal (Un-Polished)",500,Low
"Tata Sampann Unpolished Rajma (Chitra)",500,Low
"Everest Garam Masala",50,Low
"Everest Kitchen King Masala",100,Low
"24 Mantra Organic Cumin",100,Low
"Nestle Milkmaid",400,Low
"Popular Essentials Sona Masouri Steam Rice",1000,Medium
"24 Mantra Organic Tur Dal",1000,Medium
"Gits Gulab Jamun Instant Dessert Mix",200,Low
"Popular Essentials Black Masoor Whole (Un-Polished)",500,Low
"24 Mantra Organic Peanuts",500,Low
"Everest Hingraj Powder",50,Low
"Everest Black Pepper Powder",100,Low
"Tata Sampann Masoor Dal Stand",1000,Medium
"24 Mantra Organic Besan",500,Low
"Quaker Oats",1000,Medium
"Saffola Gold Refined Cooking Oil (Jar)",2000,Medium
"Nestle Everyday Dairy Whitener",400,Low
"24 Mantra Organic Red Poha",500,Low
"Everest Powder - Tea Masala",100,Low
"Tata Sampann Urad Dal Split",500,Low
"Popular Essentials Idli Sooji ",500,Low
"Popular Essentials Dessicated Coconut",200,Low
"Sunfeast Yippee! Mood Masala Noodles",260,Low
"Chef's Basket Durum Wheat Elbow Pasta",500,Low
"MTR Breakfast Khatta Meetha Poha Mix",60,Low
"Satyam Khobra",200,Low
"Betty Crocker Complete Pancake Mix Original",250,Low
"Borges Durum Wheat Fusilli Pasta ",500,Low
"24 Mantra Organic Green Moong Dal - Split",500,Low
"Weikfield Vanilla Flavoured Custard Powder",100,Low
"Tata Sampann Moong Dal Split",1000,Medium
"Tata Sampann Kala Chana",500,Low
"Saffola Soya Chunks Mealmaker",200,Low
"24 Mantra Bura Sugar (Demerara)",500,Low
"Popular Essentials Green Cardamom (Elaichi)",50,Low
"Hershey's Syrup Delicious Strawberry",200,Low
"Popular Essentials Anjeer",100,Low
"Popular Essentials Mustard Seeds Rai Small",100,Low
"Weikfield Baking Powder",100,Low
"Dabur Honey Squeezy",225,Low
"Tata Sampann High Protein Kali Urad",500,Low
"Everest Kitchen King Masala",50,Low
"Chef's Basket Durum Wheat Fusilli Pasta",500,Low
"TilSona Til Oil",500,Low
"Top Ramen Chicken Noodles",280,Low
"Everest Chaat Masala",50,Low
"Keya Wonder Red Hot Chilli Flakes",40,Low
"Popular Essentials White Peas (Un-Polished)",500,Low
"Ching’s Secret Chowmein Hakka Noodles Masala ",60,Low
"Dhara Filtered Groundnut Oil (Jar)",5000,Bulk
"Pillsbury Choco Chip Pancake Mix",165,Low
"Hershey's Caramel Syrup",623,Low
"Pillsbury Multi Grain Atta",1000,Medium
"McCain New Mini Samosa with Cheese Corn Style Filling",240,Low
"Satyam Puffed Rice Kurmura (A)",200,Low
"MTR 3 Min Poha",60,Low
"Ching's Manchurian Instant Noodles",60,Low
"Everest Pav Bhaji Masala",100,Low
"Hershey's Chocolate Flavour Syrup",623,Low
"Popular Essentials Dhania (Coriander Seeds)",200,Low
"24 Mantra Red Chilly Whole",100,Low
"Dabur Honey - World's No.1",250,Low
"24 Mantra Organic Puffed Rice",200,Low
"24 Mantra Organic Wheat Daliya ",500,Low
"24 Mantra Organic Ragi Flour",500,Low
"Popular Essentials Cinnamon Whole (Dalchini)",25,Low
"Sundrop Super Lite Advanced - Sunflower Oil",1000,Medium
"Pillsbury Atta/Godihittu - Chakki Fresh",2000,Medium
"Popular Essentials Green Moong Chilka/Chilka (Un-Polished)",500,Low
"Popular Essentials HMT Kolam Steam",1000,Medium
"Popular Essentials Black Urad Split",500,Low
"Keya Oregano",9,Low
"Popular Essentials Pink Rajma",500,Low
"Everest Chicken Masala",100,Low
"Popular Essentials HMT Kolam Steam",5000,Bulk
"Everest Shahi Paneer Masala",50,Low
"Godrej Yummiez Chicken Nuggets",500,Low
"Flying Bird Vanilla Essence",20,Low
"Everest Sabji Masala",50,Low
"Popular Essentials Californian Almond",500,Low
"Cornitos Cornitos Taco Shells - 4 Inches",80,Low
"Everest Rajma Masala",50,Low
"Popular Essentials White Til",100,Low
"Amul Dark Compound Chocolate Slab",500,Low
"Mothers Recipe Papad Chana Masala",200,Low
"Ching's Schezwan Masala Instant Noodles",240,Low
"Amul Milk Compound Chocolate Slab",500,Low
"Eastern Chicken Masala",100,Low
"Popular Essentials Methi Seeds",100,Low
"Saffola Yummy Masala Noodles ",46,Low
"Cadbury Hot Chocolate",200,Low
"Ching's Chicken Chilli Masala",20,Low
"Dabur Keora water - Authentic flavour for Biryani's and Desserts",250,Low
"Popular Essentials Black Cardamom/Elaichi ",50,Low
"Popular Essentials Idli Rice",1000,Medium
"Everest Chole Masala",50,Low
"Dabur Hommade Tamarind Paste",200,Low
"Popular Essentials Cooking Soda",200,Low
"RRO Primio Refined Groundnut Oil Pet Bottle",1000,Medium
"Everest Pani Puri Masala",50,Low
"Nissin Cup Noodles Tangy Tomato",70,Low
"Ching's Veg Manchurian Masala",20,Low
"Ceres Foods Fish Mustard Instant Liquid Masala",200,Low
"Everest Garam Masala",200,Low
"24 Mantra Organic Jowar Flour",500,Low
"Maggi Coconut Milkpowder",100,Low
"On1y Pepper Grinder",50,Low
"Popular Essentials Rice Flour",1000,Medium
"Sunfeast Yippee! Pasta Treat - Sour Cream Onion",65,Low
"24 Mantra Organic Brown Sona Masoori Rice",1000,Medium
"Happilo Premium Afghani Anjeer",200,Low
"Popular Essentials Chiroti Sooji",500,Low
"RRO Til Dil Premium Til Oil Bottle",1000,Medium
"Popular Essentials Red Rajma",500,Low
"Cornitos Peanut - Premium Salted ",150,Low
"Popular Essentials Black Pepper",100,Low
"24 Mantra Organic Tur Dal - Split",500,Low
"Sugarfree Gold Low Calorie Sweetner",110,Low
"Ching's Secret Paneer Chilli Masala",20,Low
"Dabur Honey ",500,Low
"Everest Tea Masala",50,Low
"Ching's Paneer Chilli Masala",60,Low
"Sunfeast YiPPee! Magic Masala Noodles",405,Low
"Everest Meat Masala Powder",100,Low
"Pillsbury Atta With Multigrains Wheat Grains",5000,Bulk
"Mother's Recipe Tamarind Paste",200,Low
"Quaker Oats Breakfast Cereals - With Flavour Mix Nutritious Rich Source Of Energy",200,Low
"Popular Essentials Cloves (Lavang)",50,Low
"Sunfeast Yippee! Power Up Atta Noodles",280,Low
"Suhana Paneer Tikka Masala Mix",50,Low
"24 Mantra Turmeric Powder",100,Low
"24 Mantra Super Grain Quinoa",500,Low
"Everest Powder - Egg Curry Masala",50,Low
"Popular Essentials Pe Shah Jeera ",50,Low
"24 Mantra Organic Sattu Atta",500,Low
"Smith & Jones Pasta Masala",54,Low
"Weikfield Vanilla Custard Powder",500,Low
"Sugarfree Natura Low Calorie Sweetner ",42,Low
"Pillsbury Vanilla Custard Powder",100,Low
"24 Mantra Organic Rajma",500,Low
"Popular Essentials Broken Wheat/Daliya",500,Low
"Zorabian Chicken Smoked Ham",250,Low
"Smith & Jones Peri Peri Masala",75,Low
"Saffola Veggie Twist Masala Oats",500,Low
"Popular Essentials Urad Dal Split (Un-Polished)",500,Low
"Weikfield Baking Powder",50,Low
"Popular Essentials Bajra Whole",1000,Medium
"Weikfield Veg Jelly Crystals - Strawberry",90,Low
"Weikfield Veg Jelly Crystals - Raspberry",90,Low
"Popular Essentials Masoor Dal Split (Un-Polished)",500,Low
"Popular Essentials Ajwain Whole",100,Low
"Popular Essentials Pista Salted (With Shell)",250,Low
"The Bake Shop Bread Crumbs",400,Low
"Popular Essentials Horse Gram",500,Low
"Hershey's Chocolate Syrup",200,Low
"Godrej Yummiez Chilli Chicken Sausages ",250,Low
"Everest Kasuri Methi",25,Low
"Satyam Makhana",100,Low
"Everest Tandoori Chicken Masala",50,Low
"Weikfield Falooda Mix - Kesar Pista",200,Low
"Weikfield Cocoa Powder",50,Low
"Pantai Coconut Cream",400,Low
"Popular Essentials Coriander Seeds",50,Low
"Ching's Singapore Curry Instant Noodles",240,Low
"Eastern Fish Masala",100,Low
"Pillsbury Atta/Godihittu - Chakki Fresh",5000,Bulk
"Oleev Smart Oil Fortified with VIT A, D, E & K (Pouch)",1000,Medium
"Everest Dry Ginger Powder",100,Low
"Pillsbury Cooker Cake Mix - Choco",159,Low
"Hersheys Chocolate Almond Syrup",450,Low
"Satyam Nighties Spices  Chilli Pandi",100,Low
"Popular Essentials Popular Essential Pista Salted (With Shell)",100,Low
"Godrej Yummiez Chicken Punjabi Tikka ",360,Low
"Popular Essentials Rozana Sona Masuri Raw Rice",5000,Bulk
"24 Mantra Mustard Oil (Cold Pressed) ",1000,Medium
"24 Mantra Organic Black Pepper",100,Low
"Popular Essentials Green Moong Whole",500,Low
"24 Mantra Organic Masoor Dal - Split",500,Low
"Praakritik Organic Natural Rock Salt",500,Low
"24 Mantra Sunflower Oil (Cold Pressed) Pet Bottle",1000,Medium
"Ching's Secret Instant Noodles, Hot Garlic",240,Low
"Saffola Everyday Peppy Tomato Masala Oats",500,Low
"Dabur 100% Pure Honey - Worlds No.1",1000,Medium
"Popular Essentials Star Anise",25,Low
"Ching's Secret Chicken 65 Masala - Chicken",20,Low
"Cadbury Cocoa Powder",150,Low
"Praakritik Natural Desi Gir Cow A2 Ghee",540,Low
"Praakritik Organic Poha",500,Low
"Praakritik Organic Natural Wild Forest Honey",200,Low
"Popular Essentials Dry Dates (Kharak)",250,Low
"Popular Essentials Kashmiri Red Rajma",500,Low
"Dabur Hommade - Garlic Paste",200,Low
"Dabur 100% Pure Honey",400,Low
"Ching's Schezwan Fried Rice(Miracle Masala)",60,Low
"Everest Tandoori Chicken Masala",100,Low
"Popular Essentials Red Poha",500,Low
"Everest Kitchen King Masala",200,Low
"Pillsbury Oven Cake Mix - Rich Chocolate",285,Low
"Eastern Super Garam Masala",200,Low
"Maggi Magic Cubes Extra Chicken",48,Low
"Satyam Nighties Spices  Chilli Kashmiri",100,Low
"Eastern Cumin Powder",100,Low
"Popular Essentials Urad Gola White(Un-Polished)",500,Low
"24 Mantra Organic Chana Dal",500,Low
"Delight Nuts Cashew Roasted & Salted",200,Low
"Popular Essentials Mace/Javitri",20,Low
"Dlicia Whip Topping Bottle",1000,Medium
"Mother's Recipe Paste Ginger & Garlic",300,Low
"24 Mantra Groundnut Oil (Cold Pressed) Pet Bottle",1000,Medium
"Satyam Pulses Masur Dal",500,Low
"Delight Nuts Pista Roasted & Salted",200,Low
"Top Ramen Noodles, Atta",280,Low
"Hershey's Cocoa Powder",70,Low
"Praakritik Organic Singhara Atta",500,Low
"Gits Veg Biryani Ready to Eat",265,Low
"Delight Nuts Cranberries Sliced ",200,Low
"Borges Durum Wheat Pasta Superior Quality",500,Low
"Ceres Foods Laal Maas Instant Liquid Masala",200,Low
"Popular Essentials Sattu Atta",500,Low
"Popular Essentials Mustard Seeds Rai Yellow",100,Low
"Praakritik Organic Extra Virgin Coconut Oil",100,Low
"Praakritik Organic Garlic Powder",100,Low
"Sugarfree Gold Low Calorie Sweetner ",100,Low
"Aashirvaad Breakfast Instant Mix - Rice Idli",200,Low
"Kitchens Of India Mutter Paneer",285,Low
"Ching's Secret Veg Manchurian Masala",60,Low
"Popular Essentials Jowa Flour",500,Low
"Everest Shahi Biryani Masala",200,Low
"Popular Essentials Black Til",100,Low
"Popular Essentials Pancharatna Dal",500,Low
"Saffola 100% Pure Honey",1000,Medium
"Popular Essentials Tamarind",500,Low
"Gits Rice Dosa Instant Breakfast Mix",200,Low
"Popular Essentials Poppy Seeds (Gasagase)",100,Low
"Hershey's Hot Chocolate Powder",250,Low
"Borges Farfalle Durum Wheat Pasta ",500,Low
"Satyam Chilli  Bedgi",100,Low
"Aashirvaad Instant Mix - Rice Dosa",200,Low
"Hershey's Cocoa - Natural Unsweetened",225,Low
"Weikfield Veg Jelly Crystals - Mango",90,Low
"Praakritik Orrganic Cold Pressed Sesame Oil",100,Low
"Amulya Dairy Whitener ",1000,Medium
"ITC Master Chef Hyderabadi Biryani",80,Low
"Flying Bird Butter Scotch Essence",20,Low
"Dabur Hommade - Ginger Paste",200,Low
"Popular Essentials Green Peas (Un-Polished)",500,Low
"Quaker Oats Pouch",1500,Medium
"24 Mantra Organic Urad White Whole",500,Low
"Popular Essentials Guntur Chilli Stemless",100,Low
"Popular Essentials Moth Whole",500,Low
"Keya Pizza Seasoning",45,Low
"Keya Piri Piri | Exotic Spices Mix",80,Low
"24 Mantra Organic Moong Dal",500,Low
"Betty Crocker French Vanilla Cake Mix",520,Low
"Delight Nuts Dried Cranberries ",200,Low
"Everest Kesari Milk Masala",50,Low
"Tong Garden Salted Cocktail Nuts",160,Low
"MTR Uttapam Mix",500,Low
"Gits Khaman Dhokla Instant Snack Mix",180,Low
"Happilo Premium 100% Natural Whole Cashews",200,Low
"Everest Dry Mango Powder",100,Low
"Dabur Hommade - Ginger Garlic Past Tub",400,Low
"Everest Chicken Masala",200,Low
"Gits Medu Vada Instant Snack Mix",200,Low
"Weikfield Drinking Chocolate Powder",100,Low
"Popular Essentials Regular White Lobia",500,Low
"Puro Healthy Salt Crystal",1000,Medium
"Popular Essentials Premium Jeera Rice",1000,Medium
"Smith & Jones Shahi Paneer Masala Mix",60,Low
"Betty Crocker Mug Treats - Chocolate Mix - Pack of 4",264,Low
"Smith & Jones Pasta Masala",108,Low
"Catch Black Pepper Sprinkler",50,Low
"Weikfield Cooker Cake Mix - Chocolate",150,Low
"ITC Master Chef Butter Chicken",80,Low
"Masala Oats Masala & Coriander ",500,Low
"Smith & Jones Mutter Paneer Masala",60,Low
"Kitchens of India Dal Bukhara Gravy Mix",285,Low
"Popular Essentials Fried Gram (Bengal Gram)",500,Low
"Gits Jalebi with Maker Dessert Mix",100,Low
"Popular Essentials Soya Beans ",500,Low
"24 Mantra Organic Roasted Bengal Gram Dal",500,Low
"Keya Italian Seasoning",35,Low
"MTR Idli/Dosa/Chilly Chutney Powder",200,Low
"Delight Nuts Trail Mix ",200,Low
"Praakritik Organic Chilka Moong Dal",500,Low
"Smith & Jones Garlic & Herbs Masala Mix",75,Low
"Eastern Tamarind",200,Low
"Tong Garden Wasabi Coated Greenpeas Tin",180,Low
"Flying Bird Pineapple Artifical Food Essence",20,Low
"Japanese Choice Udon Noodles",250,Low
"Pantai Coconut Milk",400,Low
"Praakritik Organic Masoor Dal",500,Low
"Popular Essentials Classic Sona Masuri Rice",5000,Bulk
"Popular Essentials Salted Murmure ",400,Low
"Oleev Active Oil (Pouch)",1000,Medium
"Delight Nuts Dried Blueberries ",150,Low
"Popular Essentials Double Beans White",250,Low
"Delight Nuts Almond Natural ",200,Low
"Praakritik Organic Jaggery",900,Low
"Praakritik Organic Raw Sugar",500,Low
"MTR Masala - Sambar Powder",200,Low
"RRO Til Dil Premium Til Oil Bottle",500,Low
"ITC Master Chef Vegetable Biryani Cooking Paste",80,Low
"Jivana Jaggery",950,Low
"Praakritik Organic Besan",500,Low
"MTR Instant Gulab Jamun Mix",500,Low
"Maggi Magic Cubes Extra Chicken",240,Low
"On1y Mixed Herbs",14,Low
"Popular Essentials Urad Gola Black (Un-Polished)",500,Low
"Gits Dessert Mix China Grass Bombay Halwa",80,Low
"Praakritik Organic Basmati Rice",500,Low
"Ceres Foods Nalli Nihari Instant Liquid Masala",200,Low
"Borges Canola Oil Pet Bottle",1000,Medium
"Suhana Biryani Masala",50,Low
"On1y Black Salt Grinder",100,Low
"Popular Essentials Nylon Til",100,Low
"Pillsbury Rich Choco Oven Cake Mix - Egg Free",270,Low
"Weikfield Tomato Salsa Instant Pasta",77,Low
"Praakritik Organic Jowar Atta",500,Low
"Sugarfree Gold Low Calorie Sweetner ",50,Low
"Epicurea Thai Jasmine Rice",500,Low
"Yummiez Chicken Garlic Fingers Pouch",400,Low
"RRO Primio Refined Groundnut (Jar)",2000,Medium
"Praakritik Organic Tuvar Dal",500,Low
"Sugarfree Gold Low Calorie Sweetner",300,Low
"Cantina Beans Mexican Beans",410,Low
"Pillsbury Oven Cake Mix - Vanilla",225,Low
"Hershey's Chocolate Milk Booster",450,Low
"Popular Essentials Byadagi Chilli Stemless",100,Low
"Suhana Spice Mix - Chicken Biryani",50,Low
"Praakritik Organic Yellow Moon Dal",500,Low
"24 Mantra Sona Masuri Brown Rice",5000,Bulk
"24 Mantra Organic Pancharatna Dal - Split",500,Low
"24 Mantra Organic Cumin Powder",100,Low
"Popular Essentials Samba Broken Wheat",500,Low
"Betty Crocker Chocolate Fudge Cake Mix",475,Low
"Borges Extra Light Olive Oil Bottle ",2000,Medium
"Flying Bird Premium Orange Artificial Food Essence",20,Low
"Popular Essentials Red Cherry/Gundu Chilli",100,Low
"Super Saver Kolam Rice Sortex Clean ",5000,Bulk
"Flying Bird Food Essence - Kewra",20,Low
"MTR Vada Breakfast",500,Low
"On1y Pasta Seasoning",30,Low
"Praakritik Organic Indrayani Rice",500,Low
"On1y Pizza Seasoning",28,Low
"Kitchens of India Mutter Paneer Mix",285,Low
"Aashirvaad Svasti Cow Ghee Tetra Pack",500,Low
"Weikfield Cooker Cake Mix - Vanilla",150,Low
"Praakritik Organic Kapli Wheat Atta",1000,Medium
"Epicurea Sushi Rice",500,Low
"Sugarfree Natural Green Stevia Leaves Zero Calorie",100,Low
"Smith & Jones Italian Spices Masala Mix",75,Low
"Satyam Nighties Spices  Chilli Bore",100,Low
"Weikfield Veg Jelly Crystals - Orange",90,Low
"Praakritik Organic Jumbo Rolled Oats",500,Low
"On1y Sea Salt Grinder",100,Low
"Delight Nuts Berries Mix ",200,Low
"Praakritik Organic Ginger Powder",100,Low
"Suhana Mutton Gravy Mix",80,Low
"On1y Salad Seasoning Grinder",45,Low
"Figaro Pure Olive Oil",200,Low
"Madhur Sugar",1000,Medium
"Amul Fresh Cream",250,Low
"Madhur Pure And Hygienic Sugar",5000,Bulk
"Satyam Poha Jada",500,Low
"Aashirvaad Superior MP Whole Wheat Atta",1000,Medium
"Fortune Soyabean Oil",1000,Medium
"Maggi Masala Ae Magic",72,Low
"Aashirvaad Iodised Salt ",1000,Medium
"Maggi 2-Minute Instant Noodles - Masala",280,Low
"Popular Essentials Phool Makhana (Jumbo Size)",100,Low
"Aashirvaad Atta With Mutigrains",5000,Bulk
"Tata Sampann Poha",500,Low
"Fortune Besan Flour",1000,Medium
"Popular Essentials Toor Dal (Un-Polished)",500,Low
"Everest Tikhalal Hot & Red Chilly Powder",100,Low
"Popular Essentials Chia Seeds",100,Low
"Tata Sampann Unpolished Toor Dal/Arhar Dal",1000,Medium
"Everest Coriander Powder",100,Low
"Satyam Thin Poha Patla",500,Low
"Popular Essentials Sona Masouri Raw Rice",1000,Medium
"Tata Sampann High Protien Chana Dal - Split",500,Low
"Satyam Singdana ",500,Low
"Tata Sampann Moong Chilka ",500,Low
"Tata Sampann High Protien Toor Dal - Split",500,Low
"Ching's Chow Mein Hakka Noodles Masala",20,Low
"Everest Chat Masala",100,Low
"Popular Essentials Black Brown Chana (Un-Polished)",500,Low
"Dabur Ginger Garlic Paste",200,Low
"Ching's Secret Veg Hakka Noodles",600,Low
"Saffola Oats 100 % Natural",38,Low
"Everest Kashmiri Lal Chilli Powder",500,Low
"Popular Essentials Black Raisins Seedless",100,Low
"Daawat Rozana Super Basmati Rice",1000,Medium
"Everest Cumin Powder (Jeera)",50,Low
"Everest Sambhar Masala",50,Low
"Maggi Chilly Chow Cuppa Noodles",70,Low
"Popular Essentials Mustard Seeds Rai Big",100,Low
"Patanjali Cow's Ghee",1000,Medium
"Everest Amchur Powder",50,Low
"Daawat Super Basmati Rice",1000,Medium
"Popular Essentials Sabudana",500,Low
"Popular Essentials Brown Sugar",500,Low
"Everest Coriander Powder",200,Low
"Sunfeast Yippee! Magic Masala Noodles",240,Low
"Tata Tea Gold",100,Low
"Daawat Rozana Gold Basmati Rice",1000,Medium
"Top Ramen Masala",560,Low
"Everest Turmeric Powder",200,Low
"Popular Essentials Buckwheat Flour (Kuttu Atta)",500,Low
"Keya Italian Pizza Oregano",80,Low
"Chef's Basket Durum Wheat Penne Pasta",500,Low
"Tata Sampann Kala Chana",1000,Medium
"India Gate Basmati Rice",1000,Medium
"24 Mantra Organic Whole Wheat Atta",1000,Medium
"Zorabian Chicken Kheema Parathas",300,Low
"Sunfeast Pasta Treat Pack of Tomato Cheese",65,Low
"Sugarlite 50% Less Calories Sugar Pouch",500,Low
"Popular Essentials Sabja/Basil Seeds",100,Low
"Patanjali Pure Honey",250,Low
"Weikfield Falooda Mix - Mango",200,Low
"Pro Nature Organic Sonamasoori Brown Rice",1000,Medium
"Maggi Special Masala Spicy Yummy Noodles",280,Low
"Godrej Yummiez Chicken Breakfast Salami",250,Low
"Everest Saffron Kesar",1,Low
"Mother Dairy Toned Milk Pouch",500,Low
"Mother Dairy Classic Curd",400,Low
"Mother Dairy Ultra Full Cream Milk",500,Low
"Amul Butter - Pasteurised",100,Low
"Britannia Sandwich White Bread",350,Low
"iD Curd Pouch",400,Low
"Britannia 100% Whole Wheat Bread",450,Low
"Britannia Healthy Slice Sandwich Bread",450,Low
"Gowardhan Classic Block Fresh Paneer",200,Low
"Amul Processed Cheese Cubes",200,Low
"Britannia Pav",250,Low
"Amul Butter - Pasteurised",500,Low
"Nestle A+ Nourish Dahi",200,Low
"Britannia Burger Bun with Sesame Seed",100,Low
"Amul Frozen Malai Paneer",200,Low
"iD Natural Paneer",200,Low
"Britannia Fruit Bun",100,Low
"Amul Cheese - Processed Slices",200,Low
"iD Curd Cup",400,Low
"The Bake Shop Premium White Sandwich Bread",400,Low
"Britannia Multigrain Bread ",400,Low
"Amul Processed Cheese Block",200,Low
"Nestle A+ Nourish Dahi",400,Low
"Epigamia Misti Doi",85,Low
"Amul Cheese - Block",500,Low
"Amul Butter - Pasteurised (School Pack)",100,Low
"Britannia Brown Bread ",400,Low
"Epigamia Natural Greek Yogurt",90,Low
"The Bake Shop Pizza Base",150,Low
"Amul Delicious Fat Spread - Cholesterol Free",100,Low
"Nestle A+ Actiplus Probiotic Dahi Plain Curd",400,Low
"Bio Nutrients Pure Diet Tofu Gold ",200,Low
"Amul Delicious Fat Spread - Cholesterol Free",500,Low
"Amul Cheese - Pepper",200,Low
"Amul Cheese Spread Creamy",180,Low
"The Bake Shop Foot Long",200,Low
"Amul Cheese Slices",750,Low
"Suguna Sharp Egg ",348,Low
"Amul Cheese Sauce Mexican Salsa",200,Low
"Amul Pizza Cheese Processed",200,Low
"Amul Lite Spread",100,Low
"Go Cheese Slice - Plain",200,Low
"RRO Sour Cream",200,Low
"D'lecta Natural Feta Cheese Block",100,Low
"Suguna Active - DHA",348,Low
"Go Cheese Processed Angles Plain",160,Low
"Epigamia Greek Yogurt - Natural",400,Low
"Amul Unsalted Cooking Butter",500,Low
"The Whole Truth Dark Chocolate Peanut Butter - Creamy",325,Low
"The Laughing Cow Cheese Slices",200,Low
"Epigamia Almond Milk Unsweetened Dairy Free",1000,Medium
"Go Cheese  Spread Plain",200,Low
"So Good Almond Milk - Natural Unsweetened",200,Low
"Amul Cheese Sauce Jalapeno",200,Low
"D'lecta Cream Cheese",150,Low
"Dlecta Natural Cheddar Slices",200,Low
"Suguna Heart- Omega3",348,Low
"Go Cheese Spread - Garlic",200,Low
"Go Pizza Cheese",200,Low
"RRO Cheddar Block Cheese",200,Low
"The Whole Truth Peanut Butter With Dates - Creamy No Sugar",325,Low
"Suguna Fit Egg",348,Low
"RRO Fresh Ricotta",200,Low
"Dlecta Cheese Cubes 2",200,Low
"RRO Mozzarella Pizza Cheese",200,Low
"The Laughing Cow Cheese Cubes",200,Low
"Yogabar 100% Pure Peanut Butter Creamy & Yummy Unsweetened",400,Low
"RRO Burrata Cheese",200,Low
"The Whole Truth Dark Chocolate Peanut Butter - Crunchy",325,Low
"Go Cheese Processed Squares",200,Low
"Funfoods Peanut Butter Crunchy",400,Low
"Amul Safed Makkhan",500,Low
"Go Cheese Spread - Four Pepper (Soft & Creamy)",200,Low
"Laughing Cow Cheese 8 Portion 120Gm Imported",120,Low
"The Whole Truth Peanut Butter - Sweetened & Crunchy",325,Low
"Go Processed Cheese Block",200,Low
"Go Cheese Processed Block",400,Low
"RRO Goat Milk Fetta Cheee",100,Low
"RRO Mascarpone Cheese",200,Low
"D'lecta Cheddar Cheese",200,Low
"Funfoods Peanut Butter Creamy",400,Low
"Dlecta Cheese Block",200,Low
"President Butter - Salted",100,Low
"The Laughing Cow Plain Processed Cheese Block",200,Low
"Yoga Bar Peanut Butter Dark Chocolate Jar",400,Low
"The Laughing Cow Cheese Spread Plain",180,Low
"Amul Malai Paneer Fresh ",200,Low
"Amul Taaza Toned Homogenised Milk",1000,Medium
"Amul Lactose Free Milk",250,Low
"The Bake Shop Whole Wheat Bread",400,Low
"Amul Slim Trim Skimmed Milk",1000,Medium
"Amul Cheese Slices",100,Low
"Amul Pizza Cheese - Mozzarella",200,Low
"The Bake Shop Pizza Base Whole Wheat",150,Low
"Nestle A+ Slim Dahi - Low Fat",400,Low
"Britannia Cheese Garlic Bread",300,Low
"The Bake Shop Whole Wheat Ladi Pav",200,Low
"Amul Cheese Spread Yummy Plain",200,Low
"Britannia Atta Kulcha",250,Low
"Suguna Nourish Egg",696,Low
"The Bake Shop Multi Grain Bread",400,Low
"Nestle A+ Slim Milk",1000,Medium
"Go Cheese Pizza Blend Mozzarella + Cheddar",200,Low
"The Whole Truth Peanut Butter - Unsweetened & Crunchy",325,Low
"Amul Cheese Spread Spicy Garlic",200,Low
"The Bake Shop Burger Buns",100,Low
"D'lecta Shredded Mozzarella Cheese",140,Low
"Britannia Burger Bun with Sesame Seed",200,Low
"Suguna Vitamin D Egg",348,Low
"Pillsbury Pancake Mix - Funfetti",162,Low
"Prabhat Malai Paneer Pouch",200,Low
"Suguna Nourish Egg ",348,Low
"RRO Mozzarella Block Cheese",200,Low
"iD Malabar Parota ",400,Low
"iD Wheat Lachha Paratha",400,Low
"McCain Aloo Tikki",400,Low
"McCain Smiles Cripsy Happy Potatoes",415,Low
"McCain Veggie Burger Patty",360,Low
"McCain Veggie Fingers",400,Low
"Whiskas Wet  Meal (Adult - Cat Food)  Chicken in Gravy",85,Low
"McCain Chilli Garlic Potato Bites Crunchy Potato Nuggets",420,Low
"Veeba Eggless Mayonnaise",250,Low
"Veeba Pasta And Pizza Sauce",280,Low
"Unibic Almond & Oats Protein Bar",30,Low
"McCain French Fries",420,Low
"Ching's Secret Manchow Instant Soup",15,Low
"McCain Potato Cheese Shotz",250,Low
"McCain Masala - Fries",375,Low
"Ching's Secret Schezwan Fried Rice Masala",20,Low
"McCain Chilli Cheesy Nuggets",250,Low
"Whiskas Adult (+1 Year) Dry Cat Food, Ocean Fish Flavour",1200,Medium
"Chings Instant Soup - Hot & Sour",15,Low
"Amul Spray Infant Milk Food",500,Low
"McCain Smiles - Pudina Chatka",375,Low
"McCain French Fries Crisp & Delicious",750,Low
"Ferrero Nutella Hazelnut Spread",180,Low
"Lijjat Garlic Papad",200,Low
"Switz Samosa Dough Sheets",50,Low
"Maggi Imli Sauce Pichkoo",90,Low
"Whiskas Kitten (2-12 months) Dry Cat Food Food Ocean Fish",1100,Medium
"Chings Instant Soup - Sweet Corn Veg",15,Low
"Whiskas Wet  Meal (Kitten - Cat Food)  Chicken in Gravy",85,Low
"McCain Crazy Fries Masala MixHot 'n' Tangy",400,Low
"The Whole Truth Double Cocoa Protein Bar No Sugar",52,Low
"Amul Happy Treats French Fries",425,Low
"Ferrero Nutella Hazeulnut Spread",350,Low
"Veeba Chipolte Southwest Dressing",300,Low
"Ching's Secret Manchow Noodles Instant Soup",20,Low
"Yoga Bar Breakfast Protein Bar - Blueberry Pie",50,Low
"The Whole Truth Mini Protein Bar - Coconut Cocoa No Added Sugar",27,Low
"Switz Spring Roll Dough Sheets",1160,Medium
"Unibic Fruit & Nut Real Cranberries & Almonds Protein Bar",30,Low
"Ching's Secret Tomato Instant Soup",16,Low
"Kellogg's Crunchy Fruit & Nut Breakfast Cereals Muesli",750,Low
"Ching's Secret Chilli Vinegar",170,Low
"Ching's Red Chilli Sauce",200,Low
"The Whole Truth Cranberry Mini Protein Bar No Sugar",27,Low
"The Whole Truth Mini Protein Bar - Coffee Cocoa No Added Sugar",27,Low
"Maggi Hot & Sweet Tomato Chilli Sauce",500,Low
"Sunfeast YiPPee! Noodles - Magic Masala",540,Low
"Veeba Cheese and Chilli Sandwich Spread",275,Low
"The Whole Truth Peanut Cocoa Mini Protein Bar No Sugar ",27,Low
"Gits Pav Bhaji Ready to Eat",300,Low
"Lijjat Udad Mini Papad",200,Low
"McCain Herb & Garlic Crazy Fries Masala Mix ",400,Low
"Yoga Bar Multigrain Energy Bar Nuts And Seeds",38,Low
"Ching's Secret Sauce, Green Chilli",190,Low
"Veeba Pizza Topping",280,Low
"Switz Paratha Puff",400,Low
"New Kellogg's Muesli with 21% Fruit, Nut & Seeds",500,Low
"The Whole Truth Double Cocoa Mini Protein Bar No Sugar",27,Low
"Sunfeast Yippee Tricolor Pasta Seasoning",65,Low
"Wingreens Cheesy Chipotle Sauce",130,Low
"Maggi Rich Tomato Ketchup",500,Low
"Kellogg's Real Almond & Honey Corn Flakes",300,Low
"The Whole Truth Vegan Almond Choco Fudge Energy Bar No Sugar",40,Low
"Prasuma Vegetable Momos",24,Low
"MTR Upma",160,Low
"The Whole Truth Cranberry Protein Bar No Sugar",52,Low
"Veeba English Mustard",300,Low
"Yoga Bar Breakfast Muesli - Almond Caramel (No Added Sugar)",400,Low
"The Whole Truth Mini Protein Bar - Peanut Butter No Added Sugar",27,Low
"ITC Master Chef Crispy Chicken Fries ",280,Low
"Kelloggs Corn Flakes",250,Low
"Smith & Jones White Pasta Sauce Mix",46,Low
"Mothers Recipe Tamrind Date Chutney ",200,Low
"Veeba Mint Mayonnaise",300,Low
"Mccain Emotibites - Crispy Happy Potato Snack",415,Low
"The Whole Truth Energy Bar Choco Cranberry Fudge",40,Low
"Godrej Yummiez Chicken Lucknowi Seekh Kebab",400,Low
"Prasuma Vegetable Momos",580,Low
"Mother's Recipe Mixed Pickle",300,Low
"The Whole Truth Peanut Cocoa Protein Bar No Sugar",52,Low
"Yoga Bar Breakfast Muesli - Chocolate & Cranberry ",400,Low
"Veeba Sweet Onion Sauce",350,Low
"Yogabar No Added Sugar Protein Bar Brownie",60,Low
"Bambino Popular Vermicelli ",400,Low
"Ching's Secret Mix Veg Instant Soup",15,Low
"Mother's Recipe Pickle - Red Stuffed Chilli",400,Low
"Kellogg's No Added Sugar Muesli",500,Low
"Veeba Salsa Dip",360,Low
"Veeba Thousand Island Dressing",300,Low
"Baggry's Crunchy Muesli Almond Raisins & Honey",200,Low
"Knorr Chinese Hot And Sour Veg Soup",43,Low
"Kissan Pineapple Jam",500,Low
"Smith & Jones Masala Noodles",480,Low
"Nestle Nestle Nan Pro Follow-Up Formula",400,Low
"McCain Super Wedges",400,Low
"Kellogg's Crunchy Granola Honey, Almonds, Strawberries & Pumpkin Seeds",450,Low
"Kellogg's Chocos",250,Low
"Ching's Secret Just Soak - Whole Wheat Veg Hakka Noodle",150,Low
"The Whole Truth Vegan Fig Apricot & Orange Energy Bar No Sugar",40,Low
"ITC Master Chef Classic Aloo Tikki",320,Low
"Smith & Jones Pink Pasta Sauce Mix",46,Low
"Wingreens Farms Chipotle Dip",180,Low
"Kellogg's Real Almond & Honey Corn Flakes",1000,Medium
"Kellogg's Crunchy Granola Chocolate & Almonds",450,Low
"Cornitos Cornitos Taco Shells - 6 Inches",180,Low
"Ching's Secret Singapore Curry Instant Noodles",60,Low
"Mother's Recipe Pickle - Mango",400,Low
"Pedigree Dentastix  Dog Treat Oral Care for Adult Medium Breed ",180,Low
"Maggi Hot & Sweet - Tomato Chilli Sauce",1000,Medium
"Ching's Secret Asian Hot Instant Soup",15,Low
"Kellogg’s Chocos Protein And Fibre Of 1 Roti",1200,Medium
"Mother's Recipe Pickle - Mango",500,Low
"Chings Secret Manchurian Instant Noodle",240,Low
"Kellogg's Original Corn Flakes",875,Low
"Kellogg's Almonds And Cranberries Granola",460,Low
"Nestle Ceregrow Multigrain Cereal with Milk and Fruits - 3 to 6 years",300,Low
"MTR 3 Minute Breakfast - Magic Masala Upma",60,Low
"Smith & Jones Masala Noodles",360,Low
"Knorr Classic Tomato Soup With 100% Real Vegetabls, No Added Preservatives",53,Low
"Kellogg's Corn Flakes",1000,Medium
"Kelloggs Chocos",385,Low
"Pedigree Puppy Dry Dog Food Food Chicken & Milk",1200,Medium
"Ching's Secret Lemon Coriander Instant Soup",15,Low
"Nestle Cerelac Baby Cereal With Milk Wheat-Rice Mixed Fruit",300,Low
"Kelloggs Chocos - Moons & Stars",1200,Medium
"ITC Master Chef Chicken Galouti Kebab",210,Low
"Kitchens Of India Palak Paneer",285,Low
"Kelloggs Chocos Fills Double Chocolat",175,Low
"Soulfull Ragi Bites Choco Fills",250,Low
"Figaro Sliced Black Olive ",450,Low
"Veeba Barbeque Sauce",330,Low
"The Whole Truth Vegan Mocha Almond Fudge Energy Bar No Sugar",40,Low
"The Whole Truth - Nuts, Fruits & Seeds Muesli",350,Low
"Pantai Green Curry Paste",114,Low
"Kelloggs Special K",435,Low
"Moi Soi Sichuan Chilli Oil- For Stir Fry Marinade Spread & Dip",175,Low
"Mother's Recipe Madras Appalam",100,Low
"Top Ramen Masala Oat Masala",280,Low
"Kitchens Of India Chicken Chettinad",285,Low
"Nestle Cerelac Wheat - Stage 1",300,Low
"Sumeru Aloo Paratha",400,Low
"ITC Master Chef Veggie Pizza Pocket",340,Low
"Wingreens Farms Tangy Cheese Pita Chips & Mexican Salsa Dip",70,Low
"Ching's Secret Manchow Soup",55,Low
"Veeba Carrot & Cucumber Sandwich Spread",250,Low
"Kellogg's Real Almond & Honey Corn Flakes",650,Low
"Kitchens Of India Mughlai Paneer",285,Low
"Ching's Secret Just Soak - Veg Hakka Noodles",150,Low
"Ching's Secret Chowmein Hakka Noodles Masala",100,Low
"Mother's Recipe Bhel Puri Chutney",200,Low
"Kelloggs Chocos Moon & Stars",680,Low
"Mother's Recipe Lime Pickle ",400,Low
"Kitchens of India Dal Makhani",285,Low
"Pantai Light Soy Sauce",200,Low
"Ching's Secret Sweet Corn Soup",55,Low
"Cantina Tortilla Dip Sauce Sour Creamy Tex Mex",190,Low
"Dabur Hommade - Rajasthan Ki Garlic Chutne",200,Low
"MTR Seviyan Vermicelli ",400,Low
"Pantai Oyster Sauce",200,Low
"MTR Ready To Eat Paneer Butter Masala",300,Low
"Nestle Lactogen Stage 2 Follow-up Formula Powder",400,Low
"Kellogg's Crunchy Bites Chocos",375,Low
"Veeba Hot Sweet Tomato Chilli Sauce",500,Low
"Pantai Red Curry Paste",50,Low
"ITC Master Chef Chicken Seekh Kabab",500,Low
"Del Monte Pizza & Pasta Sauce Spout Pack",400,Low
"Pantai Sriracha Red Chilli Sauce",200,Low
"Hershey's Cocoa Spread",350,Low
"Maggi Ghee Tadka Upma Express Pouch",65,Low
"Ching's Secret Manchurian Noodles",360,Low
"Kellogg's All Bran Wheat Flakes",425,Low
"Yummiez Chicken Breakfast Sausages",250,Low
"Pantai Red Curry Paste",114,Low
"Bagrrys Muesli Crunchy Fruit & Nut With Cranberries",400,Low
"Prasuma Momos -  Cheesy Spicy Veg",24,Low
"Veeba Sriracha Chilli Garlic Sauce",320,Low
"Ching's Secret Just Soak - Veg Hakka Noodles",600,Low
"Moi Soi Kung Pao Sauce - For Stir Fry Marinade Spread & Dip",175,Low
"Figaro Plain Green Olive ",450,Low
"Mother's Recipe Gujrati Gorkeri Pickle",500,Low
"Kellogg's Muesli 20% Nuts Delight",500,Low
"Kellogg's Chocos",700,Low
"Nestle Nan Pro 4 Follow Up Formula Powder For Older Infants ",400,Low
"Veeba Truly Tomato Ketchup",500,Low
"Ching's Secret Green Chilli Sauce",680,Low
"MTR Roasted Vermicelli ",400,Low
"Mother's Recipe Punjabi Teekha Mang Pickle",400,Low
"Ching's Secret Hot Garlic Instant Noodles",480,Low
"Kellogg's Real Honey Corn Flakes",630,Low
"ITC Master Chef Lebanese Falafel Kebab",230,Low
"Kelloggs Chocos Fills Double Chocolaty",250,Low
"Organic India Apple Cider Vinegar",500,Low
"Ching's Secret  Noodles - Pad Thai Lemongras",130,Low
"Bagrrys Fruit and Nut Muesli with Cranberries",750,Low
"Kitchens Of India Yellow Dal Tadka",285,Low
"Soulfull Vanilla Fills - Ragi Bites",250,Low
"Pantai Teriyaki Sauce with Garlic",200,Low
"Whiskas Adult Pocket Tuna Cat Food",1200,Medium
"Kitchens Of India Chicken Darbari ",285,Low
"Soulfull Millet Muesli Fruit & Nut Almonds & Real Fruits",400,Low
"Smith & Jones Red Pasta Sauce Mix",46,Low
"Kellogg's Muesli Nuts Delight",750,Low
"Remia Mayonnaise",241,Low
"Ching's Secret Green Chilli Sauce",425,Low
"Bagrrys Fruit N Fibre Muesli - Strawberry",1000,Medium
"Ching's Secret Tomato Oats Instant Soup",20,Low
"Kellogg's Special K Original Corn Flakes",290,Low
"Moi Soi  Black Bean Sauce - Dip Spread Stir Fry & Marinade",175,Low
"Tong Garden Wasabi Green Peas",150,Low
"Ching's Secret Red Chilli Sauce",440,Low
"Ching's Instant Hot and Sour Soup",55,Low
"Ching's Secret Noodles - Pad Thai Original",130,Low
"Aashirvaad Instant Meals - Khatta Meetha Pohaa With Millets",80,Low
"Del Monte Black Sliced Olives",450,Low
"Kitchens Of India Murgh Methi",285,Low
"Nestle Cerelac 5 Grains & Fruits Cereal",300,Low
"The Whole Truth - 5 Grain Muesli No Added Sugar",350,Low
"Ching's Secret  Pad Thai Noodles Green Curry",130,Low
"Aashirvaad Suji Halwa With Jaggery",70,Low
"Mother's Recipe Mango Pickle ",400,Low
"Ching's Secret Pad Thai Noodles - Extra Hot Thai Chilli",130,Low
"Kellogg's Special K Original Corn Flakes",900,Low
"Knorr Sweet Corn Chicken Soup",42,Low
"Ching's Secret Tomato Soup",55,Low
"Kelloggs Muesli - With 22% Fruit Magic",500,Low
"Dabur Hommade - Kalonji Tamatar Ki Chutney",200,Low
"Aashirvaad Suji Halwa With Jaggery",80,Low
"Del Monte Green Chili Sauce",190,Low
"Pedigree Dog Food Adult Chicken & Veg",3000,Medium
"Kellogg's Original Corn Flakes",475,Low
"Pedigree Puppy Dry Dog Food Food Chicken & Milk",3000,Medium
"Kitchens Of India Rajma Masala",285,Low
"Kitchen Of India Ready-To-Eat Pindi Channa",285,Low
"Figaro Pitted Black Olive ",450,Low
"Cantina Tabasco Red Sauce",60,Low
"Mother's Recipe Pickle - Mixed",500,Low
"Nestle Cerelac Baby Cereal with Milk 5 Grains & Vegetables from 18 to 24 Month",300,Low
"Pedigree Meat Jerky Adult Dog Treat Barbecued Chicken",80,Low
"Veeba Peri Peri Sauce",300,Low
"Pantai Sriracha Yellow Chilli Sauce",200,Low
"Ching's Secret Just Soak - Whole Wheat Veg Hakka Noodles",600,Low
"Pantai Spring Roll Sauce",200,Low
"MTR Vermicelli Payasam",180,Low
"Bagrrys Corn Flakes",880,Low
"MTR Ready To Eat Palak Paneer ",300,Low
"Del Monte Red Chili Sauce",190,Low
"Pantai Green Curry Paste",50,Low
"MTR Dal Fry",300,Low
"Pantai Fish Sauce",200,Low
"Ching's Secret Manchurian Instant Noodle",480,Low
"Remia Salad Italian Dressing ",250,Low
"Yummiez Veg Cheese Fingers Pouch",400,Low
"MTR Dal Makhani",300,Low
"MTR Ready to Eat Pav Bhaji",300,Low
"Nestlé CERELAC Baby Cereal with Milk",300,Low
"Remia Salad Caesar Dressing",250,Low
"Bagrrys Fruit N Fibre Muesli Mixed Fruit",500,Low
"MTR Paneer Butter Masala & Veg Pulao",375,Low
"Sundrop Cocoa Nut Hazelnut Chocolatey Spread",160,Low
"Moi Soi Manchurian Sauce - For Stir Fry Marinade Spread & Dip",175,Low
"Pedigree Dog Food Adult Meat & Rice",3000,Medium
"Pantai Sriracha Green Chilli Sauce",200,Low
"Pantai Chilli Garlic Sauce",200,Low
"Pantai Dark Soy Sauce",200,Low
"Cantina Tabasco Green Sauce",60,Low
"Pantai Pad Thai Sauce (Non-Veg)",200,Low
"Pantai Sweet Chilli Sauce",200,Low
"Ching's Secret Schezwan Instant Noodle",480,Low
"Pediasure Premium Chocolate Powdered Health Drink",400,Low
"Chings Secret Hot Garlic Instant Noodles",60,Low
"Godrej Yummiez Cheese Corn Nuggets ",400,Low
"Pantai Hot Chilli Sauce",200,Low
"Knorr International Mexican Tomato Corn Soup ",52,Low
"Bagrry's Fruit Fibre Muesli Mixed Fruit ",1000,Medium
"MTR Roasted Vermicelli ",850,Low
"Kurkure Green Chutney, Rajasthani Style",90,Low
"Kellogg's Chocos Combo Pack",156,Low
"Kissan Mixed Fruit Jam ",500,Low
"Lijjat Urad Papad",200,Low
"Mother's Recipe Ginger And Garlic Paste",200,Low
"Maggi Magic Cubes Chicken",40,Low
"Pedigree Puppy Chicken Chunks in Gravy ",70,Low
"Lijjat Moong Papad",200,Low
"Mothers Recipe Papad - Sabudana With Rock Salt",70,Low
"Veeba Favourites Eggless Burger Mayonnaise",250,Low
"Kelloggs Corn Flakes With Real Strawberry Pure",575,Low
"Mother's Recipe Potato Papad",70,Low
"Mothers Recipe Rice Papad Ajwain",75,Low
"Dabur Hommade - Imli Sauce Saunth",100,Low
"MTR Vegetable Upma",60,Low
"Del Monte Original Blend Tomato Ketchup Pouch",950,Low
"Del Monte Natural Vinegar ",180,Low
"Del Monte Eggless Mayo",500,Low
"ITC Master Chef Cheesy Corn Triangles",320,Low
"Mother's Recipe Mixed Pickle ",400,Low
"Hershey's Cocoa + Almond Spread",350,Low
"Del Monte Schezwan Sauce",190,Low
"Yummiez Green Peas",500,Low
"Yummiez Green Peas",1000,Medium
"Yummiez American Sweet Corn",400,Low
"Dr Oetker Cucumber & Carrot Sandwich Spread Veg",250,Low
"Del Monte Pitted Green Olives",450,Low
"Godrej Real Good Chicken Whole Pre-Cut",1000,Medium
"Zorabian Chicken Breast Boneless",250,Low
"Godrej Real Good Chicken Curry Cut",500,Low
"TGFC Chicken Curry Cut Fresh",500,Low
"Godrej Real Good Chicken Breast Boneless",450,Low
"Fresh Chicken Boneless Cubes (Halal)",500,Low
"Godrej Real Good Chicken Kheema",450,Low
"TGFC Bombay Duck Whole Cleaned",500,Low
"Zorabian Pre Cut Chicken Skinless (Half)",500,Low
"Godrej Real Good Chicken Drumstick ",500,Low
"Godrej Real Good Chicken Marinated Lollipop ",580,Low
"Fresh Chicken Whole Leg - Skinless (Halal)",500,Low
"TGFC Tilapia Curry Cut",500,Low
"Godrej Real Good Marinated Hot & Grill Chicken",450,Low
"TGFC Chicken Boneless Fresh Whole",500,Low
"TGFC Catla Bengali Cut",500,Low
"Godrej Real Good Chicken Leg Boneless",450,Low
"TGFC Rohu Bengali Cut",500,Low
"Godrej Real Good Chicken Lollypop",580,Low
"Godrej Real Good Chicken Liver Sealed ",200,Low
"Fresh Mutton Mince - Kheema (Halal)",500,Low
"Fresh Mutton Curry Cut Cubes (Halal)",500,Low
"Godrej Real Good Chicken Legs ",116,Low
"TGFC Basa Fillets",500,Low
"Zorabian Chicken Legs Skinless",450,Low
"Fresh Chicken Curry Cut - Skinless (Halal)",500,Low
"Zorabian Chicken Breast Boneless ",450,Low
"Fresh Chicken Mince - Kheema (Halal)",500,Low
"Godrej Real Good Chicken Boneless Cubes ",450,Low
"Zorabian Chicken Mince",450,Low
"Zorabian Chicken Leg Boneless ",450,Low
"Zorabian Chicken Cubes",500,Low
"Britannia Good Day Cashew Cookies",60,Low
"Britannia 50-50 Maska Chaska Biscuits",120,Low
"Dukes Waffy Chocolate Wafers",60,Low
"Britannia Nutri Choice Digestive Biscuit",200,Low
"Britannia Goodday Chocochip Cookies",400,Low
"Britannia Good Day Pista Badam",200,Low
"Cadbury Chocobakes Chocolate Filled Cookies ",75,Low
"Dukes Waffy Strawberry Roll",250,Low
"Parle Monaco Classic Salty Biscuits",400,Low
"Dukes Waffy Orange Wafers",60,Low
"Britannia Good Day Pista Badam",100,Low
"Britannia Milk Bikis Biscuits Packet",200,Low
"Britannia Toastea (Premium Bake Rusk)",400,Low
"Dukes Waffy Strawberry Wafers",60,Low
"Britannia Toastea Premium Bake Rusk",182,Low
"Lotte Choco Pie ",168,Low
"Bauli Moonfils Choco Veg Puff Roll",45,Low
"Sunfeast Dark Fantasy Choco Fills Cookies Packet",300,Low
"Britannia 50-50 Maska Chaska Biscuit",300,Low
"Britannnia 50-50 Sweet & Salty Biscuit",200,Low
"Britannia Good Day Chunky Cookies",120,Low
"Sunfeast Marie Light",200,Low
"Britannia Bourbon Biscuit Buy 4 Get 1 Free",500,Low
"The Bake Shop Whole Wheat Oats Khari",200,Low
"Britannia Nutri Choice Oats Milk Almond Biscuit",75,Low
"Sunfeast Dark Fantasy Choco Creme",300,Low
"Lotte Choco Pie Chocolate Cake",56,Low
"Sunfeast Mom's Magic Cashew & Almond Cookies Packet",200,Low
"Unibic SugarFree - Oatmeal Cookies",75,Low
"Parle Hide & Seek Cookies With Added Almonds",100,Low
"Unibic Fruit & Nut Cookies",67,Low
"Sunfeast Yumfills Whoopie Pie",253,Low
"Britannia Toastea Premium Bake Rusk",700,Low
"McVitie's Marie biscuits with Goodness of Calcium",250,Low
"Britannia Treat Croissant Vanilla Creme Roll",47,Low
"Unibic Honey Oatmeal Cookies",75,Low
"Britannia Good Day Choco Chip Cookies",100,Low
"The Bake Shop Masala Cheese Crackers",100,Low
"Britannia Pure Magic Vanilla Creme Biscuit",100,Low
"Open Secret Assorted Story Box",75,Low
"Cadbury Oreo Dipped Biscuit",150,Low
"Sunfeast Farmlite Oats & Almonds Biscuits Packet",150,Low
"Unibic SugarFree - Butter Cookies",75,Low
"Britannia Good Day Cashew Cookies Packet",600,Low
"Dukes Sour & Cream Onion Nibbles Baked",150,Low
"Parle Hide & Seek Choco Rolls",120,Low
"Britannia Treat Creme Wafers - Vanilla",60,Low
"Parle Rusk Elaichi",300,Low
"Lotte Choco Pie ",336,Low
"Sunfeast Mom's Magic Cashew & Almond Biscuits",600,Low
"Unibic Cashew Cookies",75,Low
"Parle Monaco Jeffs Zeera Biscuit",200,Low
"Unibic Snack Bar - Multigrain, Choco",30,Low
"The Bake Shop Methi Khari Simply Delicious",200,Low
"Britannia Treat Jimjam Family Pack (Buy 4 Get 1 Free)",500,Low
"Open Secret Choco Almond Tiffin Pack",25,Low
"Lotte Choco Pie ",696,Low
"Baker Street Suji Rusk Large Pack",200,Low
"Parle Hide & Seek Choco Rolls",75,Low
"Sunfeast Dark Fantasy Vanilla Creme",300,Low
"Britannia Treat Burst Choco Creme Fills",120,Low
"Parle Milano Mixed Berries Cookies",75,Low
"Karachi Bakery Cashew Biscuits ",400,Low
"Britannia Pure Magic Choco Lush Cookies",300,Low
"Britannia Treart Creme Wafers Chocolate",60,Low
"Unibic Daily Digestive (Multigrain Cookies)",75,Low
"Cadbury Chocobakes Choc Filled Cookies",150,Low
"The Bake Shop Whole Wheat Multigrain Toast (Rusk)",200,Low
"Unibic Choco Kiss Cookies",75,Low
"Britannia Treat Creme Wafers - Orange",60,Low
"Bauli Moonfills Pack of 4",180,Low
"Unibic Oatmeal Digestive Cookies ",150,Low
"Orion Choco Pie - Chocolate Coated Soft Biscuit",336,Low
"Britannia Good Day Cashew Cookies Pack Of 6",120,Low
"Parle Fab Bourbon",150,Low
"Open Secret White Choco Tiffin Pack",25,Low
"The Bake Shop Whole Wheat Bread Sticks",100,Low
"Unibic Assorted Cookies ",450,Low
"The Bake Shop Milk & Raisin Toast (Rusk)",200,Low
"Lotte Choco Pie Cocoa Pie",168,Low
"Bauli Moonfils Veg - Strawberry",45,Low
"The Bake Shop Masala Lavash",100,Low
"Britannia Good Day Nut Cookies",120,Low
"Sunfeast Mom's Magic Rich Butter Cookies",200,Low
"The Bake Shop Whole Wheat Toast (Rusk) ",200,Low
"Open Secret Peanut Butter Story Box",75,Low
"Open Secret White Choco Story Box",75,Low
"The Bake Shop Whole Wheat Multigrain Lavash",100,Low
"McVitie's Oat Cookies",120,Low
"Britannia Tiger Krunch Biscuits",400,Low
"McVitie's Butter Cookies",200,Low
"Bauli Moonfils Strawberry",45,Low
"Britannia Good Day Butter Cookies",600,Low
"The Bake Shop Jeera Ajwain Bread Sticks",100,Low
"Parle Fab!o Vanilla Creme Sandwich Biscuit",120,Low
"Sunfeast Farmlite Nuts Digestive",250,Low
"Britannia Pure Magic - Chocolush",100,Low
"The Bake Shop Maska & Multigrain Cheese Crackers",100,Low
"Britannia Nutri Choice Ragi Cookies",150,Low
"Sunfeast Farmlite 5 Seed Digestive",250,Low
"Dukes Nibbles - Ranch Crackers",150,Low
"Danish Butter Cookies",400,Low
"The Bake Shop Sesame Seed Crackers",100,Low
"Good Day Butter Cookies",75,Low
"Britannia Marie Gold Biscuits Packet",250,Low
"Britannia Good Day Cashew Cookies",100,Low
"Sunfeast Dark Fantasy Choco Fills",75,Low
"Britannia Nutri Choice Digestive Biscuits Packet",100,Low
"Britannia Classic Little Hearts ",75,Low
"Britannia Good Day Cashew Cookies Packet",200,Low
"Britannia Nice Time Biscuit",150,Low
"Britannia Milk Bikis Cream Biscuit",200,Low
"Britannia Bourbon Chocolate Cream Biscuits",150,Low
"Dukes Waffy Chocolate Wafer Rolls ",250,Low
"Britannia Milk Bikis Milky Sandwich",120,Low
"Britannia Marie Gold Biscuit",200,Low
"Britannia Marie Gold (Buy 4 Get 1 Free)",600,Low
"Britannia 50-50 Maska Chaska Biscuit",46,Low
"Unibic Choco Nut Cookies",75,Low
"Britannia Vita Marie Gold Biscuit",300,Low
"The Bake Shop Maska Khari",200,Low
"Parle Fab! Jam-In Cream Filled ",150,Low
"Sunfeast Nice Biscuit",150,Low
"Britannia Nutrichoice 5 Grain Digestive Biscuits",200,Low
"Cadbury Oreo Strawberry Bicuits",120,Low
"Sunfeast Mom's Magic Cashew & Almond Biscuit",60,Low
"Britannia Roll Yo! Strawberry Swiss Roll",28,Low
"Bauli Moonfils Choco Cream (With Egg)",45,Low
"Britannia Nutri Choice Oats Choco Almond Biscuit",100,Low
"Britannia Nutri Choice Cracker Sugar Free Biscuit",300,Low
"Cadbury Oreo Chocolatey Sandwich Biscuits Family Pack",300,Low
"Bauli Moonfils Orange Puff Roll",45,Low
"Britannia Treat Jimjam Cream Biscuits ",100,Low
"Britannia Toastea Premium Bake Rusk",300,Low
"The Bake Shop Jeera Khari",200,Low
"Cadbury Oreo Creme Biscuit - Vanilla, Original 120 g",120,Low
"Britannia Good Day Cashew Cookies",1000,Medium
"Bauli Moonfils - Vanilla",45,Low
"Britannia Roll Yo! Choco Swiss Roll (With Egg)",28,Low
"Britannia Milk Bikis Cream Biscuit",500,Low
"Open Secret Choco Almond Story Box",75,Low
"Parle Monaco Sixer Salted Biscuits ",200,Low
"Sunfeast Dark Fantasy Bourbon Bliss",150,Low
"Patanjali Atta Doodh Rusk",300,Low
"Clove Sensitive Toothpaste with Anti-Sensitivity & Fluoride Formulation",80,Low
"Dettol Original Germ Protection Alcohol Based Hand Sanitizer",50,Low
"Colgate Visible White Toothpaste",100,Low
"Dettol SKincare Handwash Value Refill",750,Low
"Savlon Herbal Sensitive Liquid Handwash Refill Pouch",750,Low
"Colgate Total 12 Whole Mouth Protection Toothpaste",120,Low
"Lux International Creamy White Soap Bar",75,Low
"Colgate Herbal Toothpaste",200,Low
"Nivea Men Deodorant Fresh Active 48h Long lasting Freshness",150,Low
"Dabur Meswak Toothpaste",100,Low
"Colgate Max Fresh Cooling Crystals Toothpaste",150,Low
"Indulekha Bhringa Hair Oil",100,Low
"Colgate Sensitive Soft Bristles Toothbrush",58,Low
"Pears Pure & Gentle Glycerin Bath Soap",125,Low
"Vaseline Skin Protecting Jelly",50,Low
"Dettol Original Germ Protection Bathing Soap Bar",375,Low
"Dettol Intense Cool Soap (B4G1)",625,Low
"Livon Anti-Frizz Serum",100,Low
"Lifebuoy Germ Protection Care Soap Bar",100,Low
"Lux International Creamy White Soap Bar",125,Low
"Godrej Nupur – 100% Pure Henna (Mehendi)",18,Low
"Glow & Lovely Advanced Multivitamin Face Cream",110,Low
"Set Wet Style Vertical Hold Hair Gel",50,Low
"Godrej Expert Rich Crème, Natural Black",20,Low
"Nycil Germ Expert Cool Herbal Talc",150,Low
"Godrej Expert Creme Hair Natural Brown Colour ",20,Low
"Veet Sensitive Skin Hair Removal Cream",50,Low
"Closeup Everfresh+ Anti-Germ Gel Toothpaste Red Hot",80,Low
"Pears Pure And Gentle Value Pack Of 3 Bathing Soap",375,Low
"Gillette Presto Ready Shaver 5 Cartridges ",290,Low
"Closeup Everfresh+ Anti-Germ Gel Toothpaste Red Hot",300,Low
"Godrej Expert Rich Crème, Dark Brown",20,Low
"Nivea Soft Light Moisturizer for Face Hand & Body Non-Sticky Cream with Vitamin E & Jojoba Oil ",100,Low
"Fiama Gel Bar Celebration Pack Buy 4 Get 1 Free",625,Low
"Gillette Sensitive Shaving Foam",418,Low
"Dove Hair Fall Rescue Shampoo",180,Low
"Gillette Mach 3 Mens Razor Blades",232,Low
"Palmolive Aroma Absolute Relax Shower Gel",250,Low
"Godrej Protekt Germ Fighter Handwash",750,Low
"Dettol Hand Sanitizer",200,Low
"Dabur Amla Hair Oil",180,Low
"Dettol Original Liquid Handwash",200,Low
"L'Oreal Paris Total Repair 5 Conditioner",192,Low
"Patanjali Saundarya Aloe Vera Gel",150,Low
"Head & Shoulders 2 In 1 Anti Dandruff Shampoo Conditioner ",180,Low
"Clean & Clear Pimple Clearing Face Wash",80,Low
"Himalaya Anti Dandruff Shampoo",200,Low
"Stayfree Secure Dry Cover Regular Sanitary Pad With Wings",406,Low
"Savlon Moisture Shield Hand Wash",750,Low
"Dove Intense Repair Conditioner",175,Low
"Dabur Gulabari Rose Glow Face Cleanse",100,Low
"Parachute Jasmine Hair Oil",190,Low
"Johnson's Baby Skincare Wipes",1160,Medium
"Dettol Skincare Liquid Hand Wash",200,Low
"Old Spice Original Lather Shaving Cream",70,Low
"Veet Hair Removal Cream Dry Skin",50,Low
"L'Oreal Paris Total Repair 5 Shampoo",396,Low
"Fiama Menthol & Magnolia Cooling Gel Bar Soap",375,Low
"Nivea Lip Balm Original Care for 24h Moisture with Shea Butter & Natural Oils",5,Low
"Oral-B Charcoal Deep Clean Stain Removal Toothbrush Soft",232,Low
"Neutrogena Ultra Sheer Dry Touch SPF 50+ Sunblock Sunscreen Lotion",30,Low
"Clinic Plus Strong & Long Health Shampoo",650,Low
"Johnson's Baby No More Tears Baby Shampoo",100,Low
"Colgate Zig Zag Toothbrush",348,Low
"Savlon Moisture Shield Germ Protection Handwash Refill (Buy 1 Get 1 Free)",1500,Medium
"Colgate Sensitive Everyday Protection Anticavity Toothpaste",40,Low
"Whisper Ultra Soft XL+ Sanitary Pads",30,Low
"Garnier Colour Naturals Hair Colour - 1 Natural Black",60,Low
"Axe Pulse Men's Deodorant",150,Low
"Colgate Zigzag Charcoal Soft Bristle Toothbrush - 4 Pcs",232,Low
"Whisper Ultra Clean Wings XL+  Pouch",44,Low
"Whisper Choice Regular Sanitary Pads",1160,Medium
"Axe Dark Temptation Men's Deodorant",150,Low
"Head & Shoulders Anti-Dandruff Smooth & Silky Shampoo",180,Low
"Clinic Plus Strength & Shine Shampoo With Egg Protein ",175,Low
"Engage M1 Perfume Spray for Men ",120,Low
"Tresemme Keratin Smooth Conditioner",340,Low
"Garnier Color Naturals Crème Hair Color, Shade 5 Light Brown",100,Low
"Origami Aloe Vera Wipes",25,Low
"Engage Drizzle Deodorant For Women, Floral And Lavender, Skin Friendly",150,Low
"Gellette Presto Ready Shaver",58,Low
"Colgate Max Fresh Plax Mouthwash - Fresh Mint",250,Low
"Colgate Zig Zag Charcoal Medium Toothbrush 4 Pcs",232,Low
"Godrej Protekt",750,Low
"Colgate Total Charcoal Anticavity Toothpaste",120,Low
"Colgate Kids 0-2 Extra Soft Tooth Brush",58,Low
"Gillete Mach3 ",116,Low
"Maybelline New York Colossal Kajal Black",0,Low
"Godrej Cinthol Lime Talc",100,Low
"Hamam Soap Bar Neem Tulsi and Aloe Vera",150,Low
"Godrej Expert Rich Crème, Burgundy",20,Low
"Colgate Gentle Sensitive+ Toothbrush Pack Of 4",232,Low
"Nivea Creme All Season Multi-Purpose Cream ",100,Low
"Oral-B Charcoal Deep Clean Stain Removal Toothbrush Medium",232,Low
"Mamaearth 100% Natural Berry Blast Kids Toothpaste",50,Low
"HImalaya Gentle Baby Wipes",72,Low
"Stayfree Dry Max All Night XL Dry Cover Sanitary Pads",28,Low
"L'Oreal Paris Excellence Creme Hair Color, 1 Black",172,Low
"Fem Fairness Naturals Saffron Skin Bleach",64,Low
"Engage Woman Blush Body Deo Spray",150,Low
"Dove Pink Rosa Beauty Bathinhg Bar",100,Low
"Sebamed Cleansing Bar",100,Low
"Pampers Premium Care Pants - Large",44,Low
"Nivea Women Deodorant Fresh Natural Long Lasting Freshness & 48h Protection",150,Low
"L'Oreal Paris Excellence Creme Hair Color, 3 Dark Brown/Natural Darkest Brown",172,Low
"Patanjali Kesh Kanti Natural Hair Cleanser",200,Low
"Godrej No.1 Bathing Soap – Lime & Aloe Vera",600,Low
"Pantene Advanced Control Hair Fall Solution Shampoo",180,Low
"Veet Full Body Waxing Kit For Dry Skin",1160,Medium
"Johnson's Baby Skincare Wipes",72,Low
"Gillette Lemon Lime Shaving Foam",196,Low
"Old Spice After Shave Lotion Musk",100,Low
"Whisper Ultra Soft Air Fresh Sanitary Pads (XL) with Wings",30,Low
"Himalaya Baby Powder",100,Low
"Fiama Men's Refreshing Pulse Shower Gel",250,Low
"Whisper Ultra Clean XL Plus Sanitary Pad",870,Low
"Johnson's Baby Powder",200,Low
"Dove Cream Beauty Bathing Bar",125,Low
"Patanjali Kesh Kanti Shikakai Hair Cleanser",200,Low
"L'Oreal Paris Color Protect Conditioner",192,Low
"Nivea Men Active Clean with Active Charcoal Shower Gel for Body Face & Hair",250,Low
"L'Oreal 6 Oil Nourish Conditioner",192,Low
"Godrej Easy Natural Black Hair Colour",20,Low
"Dabur Gulabari Rose Water Daily Glow",250,Low
"Himalaya Purifying Neem Face Wash",150,Low
"Fem Fairness Naturals Gold Skin Bleach",24,Low
"Whisper Choice Ultra XL Sanitary Pad",1160,Medium
"Dove Dandruff Care Shampoo",180,Low
"Head & Shoulders Anti Dandruff Anti Hairfall Shampoo",340,Low
"L'Oreal Casting Creme Ebony Black Hair Color",159,Low
"Mamaearth Onion Hair Oil",150,Low
"L'Oreal Paris Casting Creme Gloss Hair Color (Dark Brown 400)",159,Low
"Palmolive Naturals Sea Minerals Liquid Hand Wash",250,Low
"Oral-B Extra Soft Bristles Sensitive ",232,Low
"Engage M3 Perfume Spray for Men",120,Low
"Mamaearth Deeply Nourishing wash for Babies",200,Low
"Dettol Original Soap (B4G1)",625,Low
"Woodward's Gripe Water",200,Low
"MamyPoko Pants Extra Absorb Diapers, New Born",28,Low
"Johnson's Baby Soap",100,Low
"Engage M4 Perfume Spray For Men",120,Low
"Fem Fairness Naturals Hair Removal Cream Fair & Soft - Gold",40,Low
"Dove Hair Fall Rescue Conditioner",175,Low
"Himalaya Anti Hair Fall Shampoo",200,Low
"Fiama Peach & Avocado Gel Bar",375,Low
"Pears Pure & Gentle Value Pack Of 4 Bathing Soap ",75,Low
"Fiama Fresh Hand Wash",400,Low
"Palmolive Black Orchid And Milk Liquid Hand Wash",250,Low
"Oral-B Criss Cross Medium Toothbrush (Buy 2 Get 2 Free)",232,Low
"Gillette Mach 3 Turbo Razor",58,Low
"Himalaya Baby Lotion",200,Low
"Head & Shoulders 2-in-1 Cool Menthol Anti Dandruff Shampoo + Conditioner",340,Low
"Sunsilk Lusciously Thick & Long Shampoo",340,Low
"Fiama Di Wills Men's Refreshing Pulse Shower Gel",250,Low
"Sebamed Anti - Dandruff Shampoo",200,Low
"Listerine Cool Mint Mouthwash - Mild Taste",250,Low
"L'Oreal Paris Excellence Creme Hair Color, 4.25 Aishwarya's Brown",172,Low
"Himalaya Gentle Baby Bath",200,Low
"L'Oreal Paris Casting Creme Gloss Hair Color, Medium Brown 500",160,Low
"L'Oreal Paris Color Protect Shampoo",360,Low
"Fiama Di Wills Lemongrass & Jojoba Gel Bar",375,Low
"Colgate Plax Peppermint Mouthwash",250,Low
"Dove Daily Shine Conditioner",80,Low
"Patanjali Kesh Kanti Anti Dandruff Hair Cleanser",200,Low
"Old Spice Original After Shave Lotion",150,Low
"Dettol Clinical Strength Hand Sanitizer Liquid",500,Low
"Nivea Soft Light Moisturizer for Face Hand & Body Non-Sticky Cream with Vitamin E & Jojoba Oil",300,Low
"Comfy Baby Pants XL 12-17 kg",24,Low
"Dettol Liquid Handwash With Free Liquid",200,Low
"Nivea Body Milk Lotion for Very Dry Skin",400,Low
"Lakme Sun Expert",60,Low
"Head & shoulders Anti Dandruff Shampoo Cool Menthol",180,Low
"Godrej Nupur Henna",150,Low
"Johnson's Baby Lotion",100,Low
"Maybelline New York Colossal Kajal Super Black",0,Low
"Stayfree Dry-Max All Night Ultra-Dry Sanitary Pad",406,Low
"Dove Daily Shine Shampoo",650,Low
"Godrej Easy 5 Minute Natural Brown 4 Hair Colour",20,Low
"Colgate Sensitive Plus Enamel Toothpaste Tube",160,Low
"Colgate Max Fresh Peppermint Toothpaste ",300,Low
"Pond's Light Moisturiser",250,Low
"Engage Mate For Man Deo Spray",150,Low
"Pantene Advanced Hair Fall Solution Shampoo - Total Damage Care",180,Low
"Whisper Choice Regular Wing Sanitary Pad",406,Low
"Colgate Slim Soft Charcoal Toothbrush",232,Low
"Fiama Scents Juniper & Geranium Body Wash",250,Low
"Mamaearth Ubtan Body Lotion",400,Low
"Godrej Aer Power Pocket - Long Lasting Bathroom Fragrance Floral Delight",10,Low
"Himalaya Anti-Hair Fall Shampoo",400,Low
"Nivea Soft Light Moisturizer for Face Hand & Body Non-Sticky Cream with Vitamin E & Jojoba Oil",200,Low
"Engage M2 Perfume Spray For Men",120,Low
"Mamaearth Ubtan Face Scrub Turmeric & Walnut",100,Low
"Himalaya Purifying Neem Face Wash Tube",300,Low
"Johnson's Baby Top To Toe Bath Body Wash",210,Low
"Gillette Mach 3 Start",116,Low
"Scalpe Pro Anti dandruff Shampoo 100ml",100,Low
"Johnson's Baby Cream",100,Low
"Johnson's Baby Soap",150,Low
"Himalaya Gentle Baby Shampoo",400,Low
"L'Oreal Paris Shine Masque Royal Jelly Hair Colour",88,Low
"Engage Rush Deodorant For Men",150,Low
"Clean & Clear Foaming Face Wash",100,Low
"Dettol Lather Shaving Cream",78,Low
"Gillette Classic Regular Pre Shave Foam",196,Low
"Dove Daily Shine Conditioner",175,Low
"Johnson's Baby Shampoo",200,Low
"Park Avenue Beer Shampoo ",180,Low
"Pantene Advanced Hair Fall Solution Silky Smooth Care Shampoo",180,Low
"Fem Fairness Naturals Hair Removal Cream Fair & Soft - Rose",40,Low
"Sunsilk Stunning Black Shine Shampoo",650,Low
"Dabur Meswak Toothpaste",200,Low
"Patanjali Kesh Kanti Reetha Hair Cleanser",200,Low
"Nivea Lip Balm Soft Rose for 24h Moisture with Natural Oils Delicate Rose Shine",5,Low
"Santoor Total Skin Care Soap With Sandal & Turmeric",600,Low
"L'Oreal Paris Excellence Creme Hair Color, 4 Natural Brown/Natural Dark Brown",172,Low
"Gillette Pre Shave Foam - Classic Regular Skin",418,Low
"Fiama Di Wills Shower Gel Patchouli & Macadamia",250,Low
"Listerine Fresh Burst Mouthwash",250,Low
"Nivea Cocoa Nourish Body Lotion With Coconut Oil & Cocoa Butter For Very Dry Skin ",200,Low
"Pantene Hair Fall Control Shampoo",340,Low
"Fogg Master - Royal Intense",120,Low
"TRESemme Smooth And Shine Conditioner",190,Low
"Colgate Kids Toothpaste - 6+ Years, Strawberry Flavour",80,Low
"Nivea Soft Moisturizing Cream",200,Low
"Patanjali Kesh Kanti Aloe Vera Hair Cleanser",200,Low
"Neutrogena Deep Clean Foaming Cleanser",50,Low
"Clean & Clear Morning Energy Berry Face Wash",100,Low
"Pampers Premium Care New Baby Pants",24,Low
"Vaseline Intensive Care Aloe Fresh",200,Low
"L'Oreal Paris Dream Lengths Shampoo",192,Low
"Johnson's Baby Oil",100,Low
"Engage Man Rush Deodorant",150,Low
"Pantene Advanced Hair Fall Solution Shampoo - Total Damage Care",340,Low
"Whisper Daily Liners Clean and Fresh",1160,Medium
"Himalaya Men Pimple Clear Neem Face Wash",100,Low
"Pantene Adv Hairfall Solution Conditioner Silky Smooth",200,Low
"Himalaya Prickly Heat Baby Powder",100,Low
"Mamaearth Daily Moisturizing Lotion For Babies",200,Low
"Stayfree Advanced XL Ultra Comfort Sanitary napkins with Wings",812,Low
"Pampers Premium Care Pants - Medium",54,Low
"Vaseline Original Skin Protecting Jelly",100,Low
"Clean & Clear Foaming Face Wash",150,Low
"Fiama Lemongrass and Jojoba Shower Gel",250,Low
"Oral-B Charcoal Cross Cross Extra Soft Toothbrush (Buy 2 Get 1 Free)",174,Low
"Listerine Fresh Burst Mouthwash",500,Low
"Veet Full Body Waxing Kit",1160,Medium
"Listerine Original Mouthwash",80,Low
"Santoor Almond Soft With Sandal & Almond Milk",625,Low
"Nivea Body Shea Smooth with Shea Butter for Dry Skin",400,Low
"Neutrogena Deep Clean Facial Cleanser",50,Low
"L'Oreal Paris Excellence Creme Hair Color, 3.16 Burgundy",159,Low
"Johnson's Baby Powder",400,Low
"Bombay Shaving Company Charcoal Face Wash",100,Low
"Colgate Kids 2+ Years Extra Soft Toothbrush",58,Low
"Veet Hair Removal Cream (Normal Skin)",50,Low
"Dove Daily Shine Shampoo",340,Low
"L'Oreal Anti Hair Fall Conditioner",192,Low
"Nivea Body Lotion Aloe Hydration For Normal Skin ",200,Low
"Pampers Pants - Large",82,Low
"Engage Urge Deodorant For Men, Citrus And Woody, Skin Friendly",150,Low
"Head & Shoulders 2 In 1 Anti Dandruff Smooth & Silky Shampoo+Conditioner",340,Low
"Fem Fairness Natural Gold Skin Bleach",64,Low
"Engage Deo Frost",150,Low
"Stayfree Secure XL Size Sanitary Napkins",1160,Medium
"Pampers Pants - Medium",50,Low
"Pampers Active Baby Diapers New Born Extra Small ",72,Low
"Nivea Creme, All Season Multi-Purpose Cream",100,Low
"Woodwards Gripe Water ",130,Low
"Clean & Clear Morning Energy Aqua Splash Face Wash",100,Low
"Sunsilk Lusciously Thick & Long Shampoo",650,Low
"Mamaearth Skin Correct Face Serum",30,Low
"Chik Hairfall Prevent Egg Shampoo",340,Low
"Pantene Silky Smooth Care Shampoo",340,Low
"Garnier Skin Naturals, Micellar Cleansing Water",125,Low
"Set Wet Swag Avatar Deodorant & Body Spray Perfume For Men",150,Low
"Pampers All Round Protection Pants - Medium",50,Low
"Set Wet Deodrant Charm Avatar",150,Low
"Nupur Heena Mehandi",500,Low
"Head & Shoulders 2-in-1 Active Protect Shampoo",340,Low
"Gillette Mach 3 Turbo Cartridges",232,Low
"Bombay Shaving Company Sensitive Cartridges",116,Low
"Himalaya Baby Lotion",400,Low
"Old Spice Lime Lather Shaving Cream",70,Low
"Colgate Sensitive Plus Anticavity Toothpaste ",70,Low
"Colgate Toothpaste For Kids Motu Oatlu",80,Low
"Pantene Total Damage Care Shampoo",180,Low
"Himalaya Moisturising Aloe Vera Facial Wipes",25,Low
"Savlon Moisture Shield Hand Wash",200,Low
"Pampers Active Baby Diapers New Born Extra Small",24,Low
"Himalaya Anti Dandruff Shampoo",400,Low
"Himalaya Anti Hair Fall Shampoo",700,Low
"Johnson's Baby Oil",200,Low
"Vaseline Intensive Care Deep Moisture Body Lotion",400,Low
"L'Oreal Paris Dream Lengths Conditioner",193,Low
"Nivea Soft Light Moisturizing Cream",100,Low
"Whisper Ultra Soft XL+ Sanitary Pads",60,Low
"Palmolive Feel The Massage Shower Gel",250,Low
"Head & Shoulders Anti-Dandruff Smooth & Silky Shampoo",340,Low
"Mamaearth Moisturizing Baby Bath Soap",150,Low
"Listerine Original Mouthwash",250,Low
"Himalaya Gentle Baby Shampoo",200,Low
"Dove Dryness Care Shampoo",340,Low
"Dove Hair Fall Rescue Shampoo",340,Low
"Head & Shoulders Anti Dandruff Shampoo Cool Menthol",340,Low
"Bombay Shaving Company Defender Razor",58,Low
"Head & Shoulders Shampoo + Conditioner - 2-In-1, Cool Menthol",340,Low
"Himalaya Baby Nourishing Massage Oil",200,Low
"Himalaya Baby Powder",400,Low
"Fogg Paradise Fragrant Body Spray For Women ",150,Low
"Revive Revive Liquid",200,Low
"Pantene Hairfall Control Conditioner",200,Low
"Mamaearth Vitamin C Face Toner",200,Low
"Himalaya Diaper Rash Cream",20,Low
"Fogg Royal Fragrance Spray",150,Low
"Dove Pink Rosa Beauty Bathing Bar",100,Low
"Dove Dryness Care Conditioner Frizzy & Dry Hair",80,Low
"Dettol Original Liquid Handwash Refill",750,Low
"Parachute 100% Pure Coconut Oil",300,Low
"Stayfree Secure Cottony Soft Cover Sanitary Pad (Regular) with Wings",406,Low
"Dabur Gulabari Premium Rose Water",120,Low
"Parachute Advansed Gold Coconut Hair Oil",400,Low
"Closeup Everfresh+ Anti-Germ Gel Toothpaste Red Hot",150,Low
"Godrej No.1 Bathing Soap – Lime & Aloe Vera",500,Low
"Sensodyne Sensitive Fresh Gel Toothpaste",75,Low
"Whisper Bindazzz Nights XL + Sanitary Pad",406,Low
"Whisper Choice Sanitary Pad ",406,Low
"Godrej No.1 Bathing Soap, Jasmine",400,Low
"Gillette Venus Close & Clean Razor ",58,Low
"Whisper Choice Regular Sanitary Pads",58,Low
"Stayfree Secure Dry Cover Extra Large Sanitary Pad",406,Low
"Oxylife Natural Radiance 5 Creme Bleach - With Active Oxygen",27,Low
"Clean & Clear Morning Energy Lemon Face Wash",100,Low
"Bajaj Almond Drops Hair Oil",100,Low
"Bajaj Almond Drops Hair Oil Bottle",200,Low
"Whisper Bindazzz Night Sanitary Pads XL Plus",870,Low
"Godrej Cinthol Lime Refreshing Deo Soap",400,Low
"MamyPoko Pants Standard Diapers, Extra Large (12 - 17 kg)",26,Low
"Surf Excel Stain Eraser",150,Low
"Colin Glass and Surface Cleaner Liquid Spray Regular",500,Low
"A1 Biodegradable Garbage Dustbin Bags",30,Low
"Mortein Cockroach Killer Spray, Crawling insect killer with Deep-Reach Nozzle",425,Low
"Pril Perfect Lime Dishwash Liquid",750,Low
"Dettol Antiseptic Disinfectant Liquid",125,Low
"Godrej Aer Power Pocket Berry Rush",10,Low
"Hit Cockroach Killer Spray ",200,Low
"Vim Dishwash Liquid Gel Lemon",750,Low
"Harpic Disinfectant Toilet Cleaner Liquid, Original - 1 L",1000,Medium
"Odomos Mosquito Repellent Cream ",50,Low
"Harpic Disinfectant Bathroom Cleaner Liquid Lemon",1000,Medium
"Eveready AA pack of 10 ",580,Low
"Cherry Blossom Liquid Wax Polish",75,Low
"Gala Scrubber Cleaner Home Everyday Scrub",58,Low
"Hit Flower Lime Fragrance Insect Killer Spray",400,Low
"Harpic Hygienic Toilet Cleaner Rim Block Jasmine",26,Low
"Om Bhakti - Pancha Deepa Oil ",1000,Medium
"Ariel Complete Detergent Washing Powder 500 g  + 200 g Free",500,Low
"Surf Excel Matic Top Load Detergent Powder",1000,Medium
"Harpic Flushmatic In-Cistern Toilet Cleaner Blocks Marine",100,Low
"Eveready 1012 Carbon Zinc AAA Battery",580,Low
"Surf Excel Matic Front Load Detergent Liquid",1000,Medium
"Origami Kitchen Towels 2 In 1 Quilted 2ply",116,Low
"Oxi Green Phenyl - Pine ",1000,Medium
"Surf Excel Easy Wash Detergent Liquid",1000,Medium
"Uno Playing Card Game",58,Low
"Chakaachak Mini Cloth Brush",58,Low
"Chakaachak Super Scrub Pad (Pack of 3)",174,Low
"Colin Glass and Surface Cleaner Liquid Spray Regular",250,Low
"Om Bhakti Cow Dung Cakes ",290,Low
"Dettol Antiseptic Liquid",60,Low
"Harpic Hygienic Toilet Cleaner Rim Block Citrus",26,Low
"Eveready Ultima Alkaline AA Cell Battery-6 Pc Pack",348,Low
"Mangaldeep Rose Puja Agarbatti ",120,Low
"Ariel Matic Top Load Detergent Washing Powder",1000,Medium
"Gala Cloth Poccha/Mop",58,Low
"Chakaachak Floor Cleaning Pocha",58,Low
"Oxi Green Floor Cleaner - Floral",1000,Medium
"Godrej Aer Pocket, Bathroom Air Fragrance - Assorted Pack Of 3",30,Low
"Ariel Complete Detergent Washing Powder 1 kg + 500 g Free",1500,Medium
"Chakaachak Sponge Scrubber (Pack of 2)",116,Low
"Lizol Disinfectant Surface & Floor Cleaner Liquid Floral",500,Low
"Harpic Germ & Stain Blaster Disinfectant Toilet Cleaner Floral",750,Low
"Hit Lime Fresh Flying Insect Killer",385,Low
"Fevistik Super Glue Stick",15,Low
"Godrej Ezee Liquid Detergent",1000,Medium
"Odonil Air Fresher Buy 3 Get 1 Free",300,Low
""Godrej Aer Power Pocket - Long Lasting Bathroom Fragrance Fresh Blossom"""",10,Low
"Genteel Liquid Detegrent",2000,Medium
"Scotch Brite Scrub Pad",290,Low
"Shubh kart - Nirmal Eco Box Chandan Agarbatti - 100g",100,Low
"Surf Excel Quick Wash",4000,Medium
"Hem Mantra Masala Agarbatti",50,Low
"Odonil Room Air Freshener Spray Lavender Mist",240,Low
"Chakaachak Mega Star Toilet Brush",58,Low
"Om Bhakti Wick for Diya - Cotton Long Batti ",50,Low
"Origami Non-Woven Kitchen Towel",80,Low
"Shubh kart - Nirmal 5 in 1 Agarbatti Zipper - 150g",150,Low
"Harpic Lemon Bathroom Cleaner ",500,Low
"Scotch Brite Sponge Wipes",174,Low
"Godrej Aer Spray Fresh Lush Green",240,Low
"Oxi Green Phenyl Concentrate",1000,Medium
"Oxi Green Max Force Green Concentrate",500,Low
"Godrej Aer Morning Misty Meadows Home Air Freshener",240,Low
"Kiwi Dranex Drain Cleaner",348,Low
"Origami Disposable Spoons",1160,Medium
"Pril Bar Tub",500,Low
"Om Bhakti Wick for Diya - Cotton Flower Batti ",60,Low
"Chakaachak Deluxe Dustpan Grey",58,Low
"Lizol Disinfectant Surface & Floor Cleaner Liquid Citrus",975,Low
"ScotchBrite Premium Kitchen Towels",174,Low
"Vanish All in One Powder Detergent Booster",400,Low
"Good Knight Fabric Personal Mosquito Repellent Roll On",8,Low
"Gala Iron Bull Scrub Pad",174,Low
"Tide Plus Extra Power Lemon & Mint Detergent Powder",2000,Medium
"Chakaachak Dustpan Grey",58,Low
"Mortein PowerGard Rat Kill Cake",100,Low
"Odomos Mosquito Repellent Cream",23,Low
"Shubh kart - Nirmal Eco Box Sugandhi Mogra Agarbatti - 100g",100,Low
"Cherry Blossom Wax Shoe Polish Black",40,Low
"Origami Paper Plates",50,Low
"Gala Microfiber Magic Cloth 2-In-1",58,Low
"Mr Muscle Dranex Drain Cleaner Kiwi",375,Low
"Lizol Disinfectant Surface & Floor Cleaner Liquid Jasmine",500,Low
"Odonil Room Spray Air Freshener Citrus Fres",137,Low
"Scotch Brite Power Scrub Pad",58,Low
"Origami Good Karma Toilet Roll",232,Low
"Shubh kart - Shubhkart Sambrani Cup Black 12n",696,Low
"Gala Scrubber Pad",290,Low
"Origami So Soft Tissue Roll Single - 340 Pulls 3 Ply",58,Low
"Odomos lotion - Mosquito Repellent",120,Low
"Surf Excel Matic Front Load Detergent Powder",2000,Medium
"Fevicol Mr.Original General Purpose White Glue ",105,Low
"Aro Aluminium Container with Lid 230 ml",25,Low
"Harpic Power Fresh 6 Toilet Cleaner Rim Block Floral Delight",35,Low
"Origami So Soft Tissue Roll 3 Ply",696,Low
"Ariel Matic Front Load Detergent Washing Powder",3000,Medium
"Gala Double Hockey Toilet Brush",58,Low
"Surf Excel Detergent Bar Value Pack",800,Low
"Odonil Zipper Blissful Citrus",10,Low
"Eveready Base B22 9-Watt LED Bulb",58,Low
"Scotch Brite Sponge Wipe",290,Low
"Domex Disinfectant Floor Cleaner",1000,Medium
"Surf Excel Matic Powder Front Load ",4000,Medium
"Scotch Brite Silver Sparks Scrub Pad",348,Low
"Airwick Room Air Freshener Spray Cool Water & Aloe Vera",245,Low
"Shubh kart - Surabhi Camphor Pouch 50g",50,Low
"Pril Power Of Active Boosters",400,Low
"Scotch Brite Tough Scrubber Brush",58,Low
"Mortein Dual All Insect Killer Spray",600,Low
"Lizol Double Concentrate Disinfectant Floor Cleaner Lavender",900,Low
"Eveready Ultima Alkaline Battery AAA",116,Low
"Shubh kart - Tejas Twisted Cotton Wicks 1000n",1000,Medium
"Lizol Double Concentrate Disinfectant Floor Cleaner Citrus",1900,Medium
"Surf Excel Matic Top Load",4000,Medium
"Oxi Green Dish Wash Liquid - Lemon",500,Low
"Mangalam Camphor",50,Low
"Cherry Blossom Liquid Wax Polish (Dark Tan)",75,Low
"Gala EzeeSqueegee Wiper",58,Low
"Lizol Disinfectant Surface & Floor Cleaner Liquid Pine",975,Low
"Philips Stellar Bright 16W Light Bulb",58,Low
"Airwick EverFresh Gel Bathroom Air Freshener - Lavender Dew",50,Low
"Origami Cups Plain 100 units",100,Low
"Airwick EverFresh Gel Bathroom Air Freshener - Citrus Splash",50,Low
"Ariel Matic Liquid Detergent Front Load",1000,Medium
"Om Bhakti Gangajal Packed At Gangotri",220,Low
"Odonil Air Freshner Lavender Meadows",75,Low
"Om Bhakti Haldi ",15,Low
"Cherry Blossom Wax Shoe Polish Dark Tan",40,Low
"Dabur Odomos Naturals Mosquito Repellant Gel",80,Low
"Shubh kart - Nirmal sugandhi mogra wet dhoop zipper 20 sticks",1160,Medium
"Lizol Disinfectant Surface & Floor Cleaner Liquid Floral",975,Low
"Om Bhakti Wick for Diya - Ghee Cotton Wicks Big ",30,Low
"Air Wick Room Air Freshener Spray - Lavender & Lotus",245,Low
"Scotch Brite Kitchen Sink Brush",58,Low
"Odonil Room Air Freshener Spray - Lavender Mist",137,Low
"Godrej Aer Power Pocket - Long Lasting Bathroom Fragrance Lavender Bloom",10,Low
"Origami Good Karma Paper Serviettes ",50,Low
"Scotch Magic Tape",58,Low
"Ambi Pur Car Freshener Gel - Relaxing Lavender",75,Low
"Origami Kitchen Towels 4 in 1 60 Pulls 2 Ply",58,Low
"Om Bhakti Wick for Diya - Ghee Cotton Wicks Small ",30,Low
"Chakaachak Super Strong Scrub",58,Low
"Nimyle Lemongrass Floor Cleaner",975,Low
"Oxi Green Floor Cleaner - Citrus ",1000,Medium
"Airwick Room Air Freshener Spray - Rose & Saffron",245,Low
"Origami Luxuria Kitchen Towel 300 Pulls Single",58,Low
"Philips EyePro 10.5W Light Bulb",58,Low
"Mangalam Camphor Tablet Jar",100,Low
"Chakaachak Super Sponge Wipes (Pack of 3)",174,Low
""Origami Good Karma Paper Serviettes - 100 napkins (1 ply)"""",58,Low
"Robin Dazzling Liquid Blue After Wash",200,Low
"Om Bhakti Camphor Big",40,Low
"Om Bhakti Wick for Diya - Cotton Long Batti ",75,Low
"Om Bhakti Camphor Small",25,Low
"Ariel Matic Top Load Detergent Washing Powder",2000,Medium
"Scotch Brite Multi-Purpose Sponge Wipes",580,Low
"Surabhi Pure Camphor",25,Low
"Lizol Double Concentrate Disinfectant Floor Cleaner Citrus",900,Low
"Chakaachak Floor Pocha Large",58,Low
"Ariel Matic Front Load Liquid Detergent",1000,Medium
"Harpic Power Fresh 6 Toilet Cleaner Rim Block Marine Splash",35,Low
"Chakaachak Dust Proof Broom",58,Low
"Om Bhakti Kumkum ",15,Low
"Apsara Non Dust Eraser",1160,Medium
"Chakaachak Power Scrub (Pack of 2)",116,Low
"Om Bhakti Wick for Diya - Vanaspati Ghee Cotton Wicks Small ",30,Low
"Whiskas Adult +1 year Salmon in Gravy",85,Low
"Origami Paper Party Plates",580,Low
"Gala Microfiber Multipurpose Cloth",58,Low
"Ariel Matic Front Load Detergent Powder",1000,Medium
"Vim Dishwash Bar",300,Low
"Dettol Effective Protection Antiseptic Liquid",250,Low
"Godrej Good Night Gold Flash Liquid Vapouriser",60,Low
"Rin Detergent Powder",1000,Medium
"Surf Excel Easy Wash Detergent Powder",1000,Medium
"Rin Detergent Bar",140,Low
"Odomos Mosquito Repellent Spray",100,Low
"Chakaachak Super Steel Scrubber",58,Low
"Scotch-Brite Scrub Sponge Ideal For Dishwash Liquid",116,Low
"Gala No Dust Broom",58,Low
"Chakaachak Eazo Grass Broom New ",58,Low
"Vim Dishwash Bar",600,Low
"Rin Fabric Whitener Detergent",500,Low
"Comfort After Wash Fabric Conditioner Lily Fresh ",860,Low
"Ujala Superme For Super Whiteness Of Clothes",75,Low
"Surf Excel Quick Wash",1000,Medium
"Scotch BOPP Packaging Tape",58,Low
"Origami Plates Plain",100,Low
"Epigamia Fruit Yogurt Alphonso Mango",75,Low
"Epigamia Fruit Yogurt Vanilla",75,Low
"Durex Air Ultra Thin Condoms",174,Low
"Durex Air Ultra Thin Condom",580,Low
"Dabur Regular Hajmola",120,Low
"Hajmola Anardana Digestive Tablets",120,Low
"Zandu Balm",8,Low
"Vicks Cough Drops Menthol",1160,Medium
"Durex Extra Time Condoms",580,Low
"Vicks Vaporub",25,Low
"Vicks VapoRub",50,Low
"Dabur Hajmola Imli Digestive Tablets",120,Low
"Dettol Antiseptic Liquid + Disinfectant Spray - Original",225,Low
"Iodex Body Pain Expert ",8,Low
"Patanjali Hing Goli",100,Low
"Moov Fast Pain Relief Cream",50,Low
"Savlon Surface Disinfectant Spray",170,Low
"Durex Extra Thin Condoms",580,Low
"Eno Fruit Salt Lemon Flavour Energy Powder",100,Low
"Moov Pain Relief Specialist Spray",35,Low
"Savlon Germ Protection Wipes",72,Low
"Durex Extra Ribbed Condoms",580,Low
"Eno Regular Fruit Salt Energy Powder",100,Low
"Durex Extra Thin Bubblegum Condom",580,Low
"Dabur Hajmola Pudina - Digestive Tablets",120,Low
"Baidyanath Isabgol",100,Low
"Kapiva Thar Aloe Vera Juice",1000,Medium
"Fine Life Cotton Balls",100,Low
"Moov Pain Releiver Spray",80,Low
"Durex Condoms Mutual Climax",174,Low
"Durex Extra Dots Condoms",580,Low
"Zandu Balm Ulter Power For Strong Headache Bodyache & Cold",8,Low
"Dabur Hajmola Maha Candy - Aam+Imli",130,Low
"Dabur Chyawanprakash - Sugar Free",900,Low
"Zandu Balm",25,Low
"Himalaya Cold Balm",45,Low
"Kapiva Wild Amla Juice",1000,Medium
"Dabur Chyawanprash",950,Low
"Amrutanjan Pain Balm Extra Power",28,Low
"Durex Mutual Climax Condoms",580,Low
"Moov Cream Regular",10,Low
"Moov Pain Relief Specialist",15,Low
"Dabur Chyawanprakash Sugar Free",500,Low
"Savlon Clothes Disinfectant & Refreshing Spray Fresh Breeze",230,Low
"Dabur Chyawanprash Immunity Booster",500,Low
"Vicks Inhaler with Keychain",116,Low
"Dabur Ayurvedic Tulsi Drops (Immunity Booster)",30,Low
"Organic India Wheat Grass",100,Low
"Organic India Organic Chyawanprash",500,Low
"Organic India Sugar Balance 60 Capsules Bottle",60,Low
"Dabur - Chyawanprash",250,Low
"Vicks BabyRub",25,Low
"Organic India Brahmi Bottle",60,Low
"Horlicks Protein Plus Chocolate",200,Low
"Dabur Nature Care Isabgol - Double Action",100,Low
"Kapiva Wild Tulsi Giloy Juice |",1000,Medium
"Dabur Amla Juice",1000,Medium
"Epigamia Fruit Yogurt Strawberry",75,Low
"Eno Cooling Sachets - Cool Mint, 6 Pieces Carton",5,Low
"Dabur Honitus Herbal Cough Remedy Ayurvedic Syrup",100,Low
"Fine Life Cotton Balls",50,Low
